%time,field.header.seq,field.header.stamp,field.header.frame_id,field.real_time_factor
34160000000,0,34160000000,,0.792590364
34280000000,1,34280000000,,0.799005398,default::a1_gazebo::FL_calf::FL_foot_contact,100.0,62.939486767507894,-1.0,default::a1_gazebo::FR_calf::FR_foot_contact,111.1111111111111,62.947656191232454,-1.0,default::a1_gazebo::RL_calf::RL_foot_contact,111.1111111111111,62.938238957863604,-1.0,default::a1_gazebo::RR_calf::RR_foot_contact,125.0,62.9471410824831,-1.0,default::a1_gazebo::base::imu_sensor,1000.0,175.6443777464194,-1.0
34425000000,2,34425000000,,0.8713351640000001,default::a1_gazebo::FL_calf::FL_foot_contact,100.0,77.94354377648472,-1.0,default::a1_gazebo::FR_calf::FR_foot_contact,100.0,77.93589585519759,-1.0,default::a1_gazebo::RL_calf::RL_foot_contact,90.9090909090909,77.93025958725329,-1.0,default::a1_gazebo::RR_calf::RR_foot_contact,90.9090909090909,77.92553498217531,-1.0,default::a1_gazebo::base::imu_sensor,500.0,870.4030749599832,-1.0
34589000000,3,34589000000,,0.7345228690000001,default::a1_gazebo::FL_calf::FL_foot_contact,100.0,93.73662202647515,-1.0,default::a1_gazebo::FR_calf::FR_foot_contact,100.0,93.81237056824497,-1.0,default::a1_gazebo::RL_calf::RL_foot_contact,111.1111111111111,93.83922057143393,-1.0,default::a1_gazebo::RR_calf::RR_foot_contact,100.0,94.10748787872029,-1.0,default::a1_gazebo::base::imu_sensor,500.0,861.5639108109038,-1.0
34726000000,4,34726000000,,0.787080545,default::a1_gazebo::FL_calf::FL_foot_contact,100.0,70.06846249333299,-1.0,default::a1_gazebo::FR_calf::FR_foot_contact,100.0,70.08099400639307,-1.0,default::a1_gazebo::RL_calf::RL_foot_contact,100.0,70.09013521298255,-1.0,default::a1_gazebo::RR_calf::RR_foot_contact,111.1111111111111,70.10188327307375,-1.0,default::a1_gazebo::base::imu_sensor,1000.0,385.6176939907652,-1.0
34852000000,5,34852000000,,0.41444970600000003,default::a1_gazebo::FL_calf::FL_foot_contact,100.0,69.27404952540348,-1.0,default::a1_gazebo::FR_calf::FR_foot_contact,100.0,69.26821456189654,-1.0,default::a1_gazebo::RL_calf::RL_foot_contact,100.0,69.25339165022936,-1.0,default::a1_gazebo::RR_calf::RR_foot_contact,100.0,69.24250157370895,-1.0,default::a1_gazebo::base::imu_sensor,1000.0,413.9077987265713,-1.0
34980000000,6,34980000000,,0.798212005,default::a1_gazebo::FL_calf::FL_foot_contact,100.0,58.60995130157756,-1.0,default::a1_gazebo::FR_calf::FR_foot_contact,100.0,58.580039753586576,-1.0,default::a1_gazebo::RL_calf::RL_foot_contact,100.0,58.55841822937614,-1.0,default::a1_gazebo::RR_calf::RR_foot_contact,100.0,58.53753224613135,-1.0,default::a1_gazebo::base::imu_sensor,500.0,184.03798102237147,-1.0
35106000000,7,35106000000,,0.78397554,default::a1_gazebo::FL_calf::FL_foot_contact,100.0,69.2866345112015,-1.0,default::a1_gazebo::FR_calf::FR_foot_contact,100.0,69.30252826711522,-1.0,default::a1_gazebo::RL_calf::RL_foot_contact,100.0,69.29613147416433,-1.0,default::a1_gazebo::RR_calf::RR_foot_contact,100.0,69.30648603363416,-1.0,default::a1_gazebo::base::imu_sensor,1000.0,381.5116406831805,-1.0
35234000000,8,35234000000,,0.8710869680000001,default::a1_gazebo::FL_calf::FL_foot_contact,100.0,68.21267511557954,-1.0,default::a1_gazebo::FR_calf::FR_foot_contact,100.0,68.2446047692196,-1.0,default::a1_gazebo::RL_calf::RL_foot_contact,100.0,68.26276851671966,-1.0,default::a1_gazebo::RR_calf::RR_foot_contact,100.0,68.27883930889251,-1.0,default::a1_gazebo::base::imu_sensor,1000.0,866.7223680241849,-1.0
35365000000,9,35365000000,,1.572863697,default::a1_gazebo::FL_calf::FL_foot_contact,100.0,77.4755010844246,-1.0,default::a1_gazebo::FR_calf::FR_foot_contact,100.0,77.47835235465622,-1.0,default::a1_gazebo::RL_calf::RL_foot_contact,90.9090909090909,77.47855045070047,-1.0,default::a1_gazebo::RR_calf::RR_foot_contact,100.0,77.4910805828972,-1.0,default::a1_gazebo::base::imu_sensor,500.0,391.56015577829237,-1.0
35490000000,10,35490000000,,0.42112479900000005,default::a1_gazebo::FL_calf::FL_foot_contact,100.0,56.15786424903317,-1.0,default::a1_gazebo::FR_calf::FR_foot_contact,100.0,56.149227577535896,-1.0,default::a1_gazebo::RL_calf::RL_foot_contact,100.0,56.14630829601007,-1.0,default::a1_gazebo::RR_calf::RR_foot_contact,100.0,56.13970477813448,-1.0,default::a1_gazebo::base::imu_sensor,1000.0,159.83931673167598,-1.0
35625000000,11,35625000000,,0.8263574990000001,default::a1_gazebo::FL_calf::FL_foot_contact,100.0,70.77619187991827,-1.0,default::a1_gazebo::FR_calf::FR_foot_contact,100.0,70.7230784115257,-1.0,default::a1_gazebo::RL_calf::RL_foot_contact,100.0,70.713061317629,-1.0,default::a1_gazebo::RR_calf::RR_foot_contact,100.0,70.69409012959217,-1.0,default::a1_gazebo::base::imu_sensor,500.0,283.9398240652062,-1.0
35754000000,12,35754000000,,0.486409476,default::a1_gazebo::FL_calf::FL_foot_contact,100.0,55.0491492566851,-1.0,default::a1_gazebo::FR_calf::FR_foot_contact,100.0,55.01648871675085,-1.0,default::a1_gazebo::RL_calf::RL_foot_contact,100.0,55.01604377868674,-1.0,default::a1_gazebo::RR_calf::RR_foot_contact,100.0,55.02180128832447,-1.0,default::a1_gazebo::base::imu_sensor,1000.0,742.0230665290461,-1.0
35874000000,13,35874000000,,0.457206814,default::a1_gazebo::FL_calf::FL_foot_contact,100.0,63.01614952673611,-1.0,default::a1_gazebo::FR_calf::FR_foot_contact,100.0,63.00147996776592,-1.0,default::a1_gazebo::RL_calf::RL_foot_contact,100.0,62.99639981874675,-1.0,default::a1_gazebo::RR_calf::RR_foot_contact,100.0,58.48961905769597,-1.0,default::a1_gazebo::base::imu_sensor,500.0,300.56982026525884,-1.0
36004000000,14,36004000000,,0.44304540600000003,default::a1_gazebo::FL_calf::FL_foot_contact,100.0,56.225659209307544,-1.0,default::a1_gazebo::FR_calf::FR_foot_contact,100.0,56.23033203561224,-1.0,default::a1_gazebo::RL_calf::RL_foot_contact,100.0,56.186249325694774,-1.0,default::a1_gazebo::RR_calf::RR_foot_contact,100.0,56.19037253261752,-1.0,default::a1_gazebo::base::imu_sensor,500.0,287.3663135988349,-1.0
36161000000,15,36161000000,,1.6577040140000001,default::a1_gazebo::FL_calf::FL_foot_contact,100.0,81.40230778798671,-1.0,default::a1_gazebo::FR_calf::FR_foot_contact,100.0,81.4410637896905,-1.0,default::a1_gazebo::RL_calf::RL_foot_contact,100.0,81.45996458609498,-1.0,default::a1_gazebo::RR_calf::RR_foot_contact,100.0,81.48087248740488,-1.0,default::a1_gazebo::base::imu_sensor,1000.0,280.32531191797455,-1.0
36293000000,16,36293000000,,0.7885210260000001,default::a1_gazebo::FL_calf::FL_foot_contact,100.0,65.52395509931662,-1.0,default::a1_gazebo::FR_calf::FR_foot_contact,111.1111111111111,65.47128753411626,-1.0,default::a1_gazebo::RL_calf::RL_foot_contact,111.1111111111111,65.48391368015272,-1.0,default::a1_gazebo::RR_calf::RR_foot_contact,111.1111111111111,65.50399263211091,-1.0,default::a1_gazebo::base::imu_sensor,1000.0,783.4694219719298,-1.0
36427000000,17,36427000000,,0.412730763,default::a1_gazebo::FL_calf::FL_foot_contact,100.0,74.26305980886916,-1.0,default::a1_gazebo::FR_calf::FR_foot_contact,100.0,74.23769946277889,-1.0,default::a1_gazebo::RL_calf::RL_foot_contact,100.0,74.19848569794509,-1.0,default::a1_gazebo::RR_calf::RR_foot_contact,100.0,74.05792396087845,-1.0,default::a1_gazebo::base::imu_sensor,1000.0,423.6880605128235,-1.0
36563000000,18,36563000000,,0.753397257,default::a1_gazebo::FL_calf::FL_foot_contact,100.0,62.11075577547732,-1.0,default::a1_gazebo::FR_calf::FR_foot_contact,100.0,62.17911689487438,-1.0,default::a1_gazebo::RL_calf::RL_foot_contact,100.0,62.18324631617121,-1.0,default::a1_gazebo::RR_calf::RR_foot_contact,100.0,62.18223324257214,-1.0,default::a1_gazebo::base::imu_sensor,500.0,369.9471234576442,-1.0
36697000000,19,36697000000,,0.43989166300000004,default::a1_gazebo::FL_calf::FL_foot_contact,100.0,79.68269712543076,-1.0,default::a1_gazebo::FR_calf::FR_foot_contact,100.0,79.66502450496154,-1.0,default::a1_gazebo::RL_calf::RL_foot_contact,90.9090909090909,79.35305674719599,-1.0,default::a1_gazebo::RR_calf::RR_foot_contact,90.9090909090909,79.3506388083502,-1.0,default::a1_gazebo::base::imu_sensor,1000.0,440.02638398198354,-1.0
36827000000,20,36827000000,,0.7858422660000001,default::a1_gazebo::FL_calf::FL_foot_contact,100.0,54.37018878199468,-1.0,default::a1_gazebo::FR_calf::FR_foot_contact,100.0,54.378771745595,-1.0,default::a1_gazebo::RL_calf::RL_foot_contact,100.0,54.37590355759242,-1.0,default::a1_gazebo::RR_calf::RR_foot_contact,90.9090909090909,54.38463620974762,-1.0,default::a1_gazebo::base::imu_sensor,1000.0,755.1244633896781,-1.0
36970000000,21,36970000000,,0.8003982780000001,default::a1_gazebo::FL_calf::FL_foot_contact,100.0,85.40807336895134,-1.0,default::a1_gazebo::FR_calf::FR_foot_contact,100.0,85.40703755697609,-1.0,default::a1_gazebo::RL_calf::RL_foot_contact,100.0,85.5338337632834,-1.0,default::a1_gazebo::RR_calf::RR_foot_contact,100.0,85.31761487099676,-1.0,default::a1_gazebo::base::imu_sensor,1000.0,320.6805611140186,-1.0
37113000000,22,37113000000,,0.43396223100000003,default::a1_gazebo::FL_calf::FL_foot_contact,100.0,91.78226566542004,-1.0,default::a1_gazebo::FR_calf::FR_foot_contact,100.0,91.88116861453213,-1.0,default::a1_gazebo::RL_calf::RL_foot_contact,100.0,91.90689904652106,-1.0,default::a1_gazebo::RR_calf::RR_foot_contact,100.0,91.93561050485704,-1.0,default::a1_gazebo::base::imu_sensor,1000.0,219.19552174781248,-1.0
37249000000,23,37249000000,,0.42710092000000005,default::a1_gazebo::FL_calf::FL_foot_contact,100.0,68.56695408791037,-1.0,default::a1_gazebo::FR_calf::FR_foot_contact,100.0,68.40620920424698,-1.0,default::a1_gazebo::RL_calf::RL_foot_contact,90.9090909090909,68.37182815397362,-1.0,default::a1_gazebo::RR_calf::RR_foot_contact,100.0,68.34559441906278,-1.0,default::a1_gazebo::base::imu_sensor,1000.0,426.5720245534857,-1.0
37380000000,24,37380000000,,0.7988713550000001,default::a1_gazebo::FL_calf::FL_foot_contact,100.0,56.61037670469411,-1.0,default::a1_gazebo::FR_calf::FR_foot_contact,100.0,56.63266799953538,-1.0,default::a1_gazebo::RL_calf::RL_foot_contact,90.9090909090909,56.641110763901104,-1.0,default::a1_gazebo::RR_calf::RR_foot_contact,100.0,56.657968535337126,-1.0,default::a1_gazebo::base::imu_sensor,1000.0,428.6899919749233,-1.0
37513000000,25,37513000000,,0.853539457,default::a1_gazebo::FL_calf::FL_foot_contact,100.0,63.575009706314596,-1.0,default::a1_gazebo::FR_calf::FR_foot_contact,100.0,63.56672109249326,-1.0,default::a1_gazebo::RL_calf::RL_foot_contact,100.0,63.56687059978203,-1.0,default::a1_gazebo::RR_calf::RR_foot_contact,100.0,63.590436888558074,-1.0,default::a1_gazebo::base::imu_sensor,1000.0,866.4377538121093,-1.0
37647000000,26,37647000000,,0.40794913400000005,default::a1_gazebo::FL_calf::FL_foot_contact,100.0,92.60878197966458,-1.0,default::a1_gazebo::FR_calf::FR_foot_contact,100.0,92.55004528010964,-1.0,default::a1_gazebo::RL_calf::RL_foot_contact,111.1111111111111,92.49349608858878,-1.0,default::a1_gazebo::RR_calf::RR_foot_contact,111.1111111111111,92.46257993158878,-1.0,default::a1_gazebo::base::imu_sensor,1000.0,266.7271248149581,-1.0
37787000000,27,37787000000,,0.423012202,default::a1_gazebo::FL_calf::FL_foot_contact,100.0,71.80929404713878,-1.0,default::a1_gazebo::FR_calf::FR_foot_contact,100.0,71.80271486064888,-1.0,default::a1_gazebo::RL_calf::RL_foot_contact,100.0,71.78655559850783,-1.0,default::a1_gazebo::RR_calf::RR_foot_contact,100.0,71.76505727784516,-1.0,default::a1_gazebo::base::imu_sensor,500.0,277.70464888690424,-1.0
37915000000,28,37915000000,,0.35362692100000004,default::a1_gazebo::FL_calf::FL_foot_contact,100.0,79.1198017004586,-1.0,default::a1_gazebo::FR_calf::FR_foot_contact,142.85714285714286,79.17979236683047,-1.0,default::a1_gazebo::RL_calf::RL_foot_contact,142.85714285714286,79.18728505601312,-1.0,default::a1_gazebo::RR_calf::RR_foot_contact,142.85714285714286,79.19708098566787,-1.0,default::a1_gazebo::base::imu_sensor,1000.0,364.5155752037551,-1.0
38040000000,29,38040000000,,0.82541281,default::a1_gazebo::FL_calf::FL_foot_contact,100.0,60.699968976245856,-1.0,default::a1_gazebo::FR_calf::FR_foot_contact,100.0,60.674552983264626,-1.0,default::a1_gazebo::RL_calf::RL_foot_contact,90.9090909090909,60.66223383459143,-1.0,default::a1_gazebo::RR_calf::RR_foot_contact,100.0,60.65127705206166,-1.0,default::a1_gazebo::base::imu_sensor,1000.0,301.8224644045676,-1.0
38165000000,30,38165000000,,0.8722030630000001,default::a1_gazebo::FL_calf::FL_foot_contact,100.0,53.80715772944125,-1.0,default::a1_gazebo::FR_calf::FR_foot_contact,100.0,53.81199026928542,-1.0,default::a1_gazebo::RL_calf::RL_foot_contact,100.0,53.80788154173355,-1.0,default::a1_gazebo::RR_calf::RR_foot_contact,100.0,53.80693190399164,-1.0,default::a1_gazebo::base::imu_sensor,500.0,437.45948031563574,-1.0
38293000000,31,38293000000,,0.7554382110000001,default::a1_gazebo::FL_calf::FL_foot_contact,100.0,64.75392214506432,-1.0,default::a1_gazebo::FR_calf::FR_foot_contact,111.1111111111111,64.75105001921487,-1.0,default::a1_gazebo::RL_calf::RL_foot_contact,111.1111111111111,64.74973353865904,-1.0,default::a1_gazebo::RR_calf::RR_foot_contact,100.0,64.75235397470021,-1.0,default::a1_gazebo::base::imu_sensor,500.0,703.5540030463889,-1.0
38431000000,32,38431000000,,0.826433304,default::a1_gazebo::FL_calf::FL_foot_contact,100.0,67.48675218182981,-1.0,default::a1_gazebo::FR_calf::FR_foot_contact,100.0,67.50217711396736,-1.0,default::a1_gazebo::RL_calf::RL_foot_contact,100.0,67.49407655110667,-1.0,default::a1_gazebo::RR_calf::RR_foot_contact,100.0,67.49817670550173,-1.0,default::a1_gazebo::base::imu_sensor,1000.0,356.7875986339316,-1.0
38565000000,33,38565000000,,0.29359108300000003,default::a1_gazebo::FL_calf::FL_foot_contact,100.0,66.41925494200768,-1.0,default::a1_gazebo::FR_calf::FR_foot_contact,100.0,66.4180638536624,-1.0,default::a1_gazebo::RL_calf::RL_foot_contact,100.0,66.41243984693261,-1.0,default::a1_gazebo::RR_calf::RR_foot_contact,90.9090909090909,66.42319024870369,-1.0,default::a1_gazebo::base::imu_sensor,1000.0,301.09218178018943,-1.0
38717000000,34,38717000000,,0.798519226,default::a1_gazebo::FL_calf::FL_foot_contact,100.0,80.61558057325739,-1.0,default::a1_gazebo::FR_calf::FR_foot_contact,100.0,80.59026242365381,-1.0,default::a1_gazebo::RL_calf::RL_foot_contact,100.0,80.55474508531472,-1.0,default::a1_gazebo::RR_calf::RR_foot_contact,100.0,80.54283292017544,-1.0,default::a1_gazebo::base::imu_sensor,500.0,401.5114497012554,-1.0
38852000000,35,38852000000,,0.43643518000000003,default::a1_gazebo::FL_calf::FL_foot_contact,100.0,61.467012283383326,-1.0,default::a1_gazebo::FR_calf::FR_foot_contact,100.0,61.486389188430074,-1.0,default::a1_gazebo::RL_calf::RL_foot_contact,90.9090909090909,61.49307019218736,-1.0,default::a1_gazebo::RR_calf::RR_foot_contact,90.9090909090909,61.4985310153389,-1.0,default::a1_gazebo::base::imu_sensor,1000.0,442.0368172465084,-1.0
38991000000,36,38991000000,,0.8729179810000001,default::a1_gazebo::FL_calf::FL_foot_contact,100.0,81.66732667477841,-1.0,default::a1_gazebo::FR_calf::FR_foot_contact,111.1111111111111,81.69812493816474,-1.0,default::a1_gazebo::RL_calf::RL_foot_contact,111.1111111111111,81.70305107788792,-1.0,default::a1_gazebo::RR_calf::RR_foot_contact,100.0,81.70954674733905,-1.0,default::a1_gazebo::base::imu_sensor,500.0,868.2650848034508,-1.0
39123000000,37,39123000000,,0.41087858600000005,default::a1_gazebo::FL_calf::FL_foot_contact,100.0,53.19322097081032,-1.0,default::a1_gazebo::FR_calf::FR_foot_contact,100.0,53.1260595328498,-1.0,default::a1_gazebo::RL_calf::RL_foot_contact,100.0,53.10550364197544,-1.0,default::a1_gazebo::RR_calf::RR_foot_contact,111.1111111111111,53.099328134201116,-1.0,default::a1_gazebo::base::imu_sensor,500.0,267.1227698921652,-1.0
39252000000,38,39252000000,,0.340118123,default::a1_gazebo::FL_calf::FL_foot_contact,100.0,71.6582617497156,-1.0,default::a1_gazebo::FR_calf::FR_foot_contact,100.0,71.6871829410312,-1.0,default::a1_gazebo::RL_calf::RL_foot_contact,100.0,71.68433601917813,-1.0,default::a1_gazebo::RR_calf::RR_foot_contact,111.1111111111111,71.68447476283549,-1.0,default::a1_gazebo::base::imu_sensor,1000.0,384.96318404589374,-1.0
39383000000,39,39383000000,,0.377427424,default::a1_gazebo::FL_calf::FL_foot_contact,100.0,88.77192300313995,-1.0,default::a1_gazebo::FR_calf::FR_foot_contact,100.0,88.78192442634003,-1.0,default::a1_gazebo::RL_calf::RL_foot_contact,111.1111111111111,88.70488735543765,-1.0,default::a1_gazebo::RR_calf::RR_foot_contact,111.1111111111111,88.71105673320469,-1.0,default::a1_gazebo::base::imu_sensor,1000.0,389.2312177448955,-1.0
39523000000,40,39523000000,,0.848241172,default::a1_gazebo::FL_calf::FL_foot_contact,100.0,95.23965535435437,-1.0,default::a1_gazebo::FR_calf::FR_foot_contact,100.0,95.22170803557901,-1.0,default::a1_gazebo::RL_calf::RL_foot_contact,100.0,85.59379410755203,-1.0,default::a1_gazebo::RR_calf::RR_foot_contact,100.0,85.57193069529333,-1.0,default::a1_gazebo::base::imu_sensor,500.0,292.17016107048806,-1.0
39668000000,41,39668000000,,0.44498079500000004,default::a1_gazebo::FL_calf::FL_foot_contact,100.0,63.398736526579754,-1.0,default::a1_gazebo::FR_calf::FR_foot_contact,100.0,63.41888816161517,-1.0,default::a1_gazebo::RL_calf::RL_foot_contact,100.0,63.42095149185104,-1.0,default::a1_gazebo::RR_calf::RR_foot_contact,100.0,63.449787804874646,-1.0,default::a1_gazebo::base::imu_sensor,1000.0,880.6475930139987,-1.0
39798000000,42,39798000000,,0.431800929,default::a1_gazebo::FL_calf::FL_foot_contact,100.0,59.82757692330702,-1.0,default::a1_gazebo::FR_calf::FR_foot_contact,100.0,59.808093769521726,-1.0,default::a1_gazebo::RL_calf::RL_foot_contact,100.0,59.80168803420848,-1.0,default::a1_gazebo::RR_calf::RR_foot_contact,100.0,59.800407767020474,-1.0,default::a1_gazebo::base::imu_sensor,1000.0,433.7309055390473,-1.0
39925000000,43,39925000000,,0.8537741080000001,default::a1_gazebo::FL_calf::FL_foot_contact,100.0,64.21970743556322,-1.0,default::a1_gazebo::FR_calf::FR_foot_contact,100.0,64.23381519828592,-1.0,default::a1_gazebo::RL_calf::RL_foot_contact,90.9090909090909,64.2362743783085,-1.0,default::a1_gazebo::RR_calf::RR_foot_contact,100.0,64.23509427849022,-1.0,default::a1_gazebo::base::imu_sensor,1000.0,833.5479719361068,-1.0
40049000000,44,40049000000,,0.8764756560000001,default::a1_gazebo::FL_calf::FL_foot_contact,100.0,68.1823977321989,-1.0,default::a1_gazebo::FR_calf::FR_foot_contact,100.0,68.22215918494713,-1.0,default::a1_gazebo::RL_calf::RL_foot_contact,100.0,68.24038083591736,-1.0,default::a1_gazebo::RR_calf::RR_foot_contact,100.0,68.26312266377995,-1.0,default::a1_gazebo::base::imu_sensor,1000.0,571.1602892812632,-1.0
40190000000,45,40190000000,,0.430043714,default::a1_gazebo::FL_calf::FL_foot_contact,100.0,66.31737306274518,-1.0,default::a1_gazebo::FR_calf::FR_foot_contact,111.1111111111111,66.30852987623645,-1.0,default::a1_gazebo::RL_calf::RL_foot_contact,111.1111111111111,66.29870883264547,-1.0,default::a1_gazebo::RR_calf::RR_foot_contact,100.0,66.18699626731816,-1.0,default::a1_gazebo::base::imu_sensor,1000.0,266.0234574164281,-1.0
40319000000,46,40319000000,,0.7484923490000001,default::a1_gazebo::FL_calf::FL_foot_contact,100.0,73.56681724568043,-1.0,default::a1_gazebo::FR_calf::FR_foot_contact,100.0,73.57613260891253,-1.0,default::a1_gazebo::RL_calf::RL_foot_contact,100.0,73.58049069210472,-1.0,default::a1_gazebo::RR_calf::RR_foot_contact,100.0,73.59092512035059,-1.0,default::a1_gazebo::base::imu_sensor,1000.0,489.4367317372801,-1.0
40456000000,47,40456000000,,0.441945586,default::a1_gazebo::FL_calf::FL_foot_contact,100.0,66.27148098932983,-1.0,default::a1_gazebo::FR_calf::FR_foot_contact,100.0,66.24547352960056,-1.0,default::a1_gazebo::RL_calf::RL_foot_contact,100.0,66.23521050543427,-1.0,default::a1_gazebo::RR_calf::RR_foot_contact,100.0,66.22002145131374,-1.0,default::a1_gazebo::base::imu_sensor,1000.0,809.1662351113413,-1.0
40580000000,48,40580000000,,0.8577219420000001,default::a1_gazebo::FL_calf::FL_foot_contact,100.0,61.57892931607177,-1.0,default::a1_gazebo::FR_calf::FR_foot_contact,100.0,61.71172146883523,-1.0,default::a1_gazebo::RL_calf::RL_foot_contact,100.0,61.72819311146697,-1.0,default::a1_gazebo::RR_calf::RR_foot_contact,100.0,61.74615661048177,-1.0,default::a1_gazebo::base::imu_sensor,500.0,832.35739428853,-1.0
40708000000,49,40708000000,,0.452886449,default::a1_gazebo::FL_calf::FL_foot_contact,100.0,58.31772605189869,-1.0,default::a1_gazebo::FR_calf::FR_foot_contact,100.0,58.34197134837455,-1.0,default::a1_gazebo::RL_calf::RL_foot_contact,90.9090909090909,58.3244403142964,-1.0,default::a1_gazebo::RR_calf::RR_foot_contact,100.0,58.344129428282955,-1.0,default::a1_gazebo::base::imu_sensor,333.3333333333333,297.2265493454031,-1.0
40845000000,50,40845000000,,0.7393638810000001,default::a1_gazebo::FL_calf::FL_foot_contact,100.0,69.47595468472541,-1.0,default::a1_gazebo::FR_calf::FR_foot_contact,111.1111111111111,69.4847407687611,-1.0,default::a1_gazebo::RL_calf::RL_foot_contact,111.1111111111111,69.39755771951019,-1.0,default::a1_gazebo::RR_calf::RR_foot_contact,100.0,69.37987779567084,-1.0,default::a1_gazebo::base::imu_sensor,1000.0,752.8040067240454,-1.0
40976000000,51,40976000000,,0.7642262630000001,default::a1_gazebo::FL_calf::FL_foot_contact,100.0,67.64326861202844,-1.0,default::a1_gazebo::FR_calf::FR_foot_contact,100.0,67.65896660265452,-1.0,default::a1_gazebo::RL_calf::RL_foot_contact,100.0,67.51202068406285,-1.0,default::a1_gazebo::RR_calf::RR_foot_contact,100.0,67.51457318940936,-1.0,default::a1_gazebo::base::imu_sensor,1000.0,761.42325234328,-1.0
41103000000,52,41103000000,,0.420100992,default::a1_gazebo::FL_calf::FL_foot_contact,100.0,60.6987789105249,-1.0,default::a1_gazebo::FR_calf::FR_foot_contact,111.1111111111111,60.75595106059537,-1.0,default::a1_gazebo::RL_calf::RL_foot_contact,111.1111111111111,60.77778178235829,-1.0,default::a1_gazebo::RR_calf::RR_foot_contact,125.0,60.805317789872625,-1.0,default::a1_gazebo::base::imu_sensor,1000.0,424.15404596302903,-1.0
41247000000,53,41247000000,,0.745822277,default::a1_gazebo::FL_calf::FL_foot_contact,100.0,83.8227253299451,-1.0,default::a1_gazebo::FR_calf::FR_foot_contact,100.0,83.7617046512037,-1.0,default::a1_gazebo::RL_calf::RL_foot_contact,90.9090909090909,83.7690721234957,-1.0,default::a1_gazebo::RR_calf::RR_foot_contact,100.0,83.77159139468054,-1.0,default::a1_gazebo::base::imu_sensor,1000.0,748.8421028983934,-1.0
41382000000,54,41382000000,,0.72201358,default::a1_gazebo::FL_calf::FL_foot_contact,100.0,79.49571732722042,-1.0,default::a1_gazebo::FR_calf::FR_foot_contact,100.0,79.49081996291116,-1.0,default::a1_gazebo::RL_calf::RL_foot_contact,100.0,79.46926609576475,-1.0,default::a1_gazebo::RR_calf::RR_foot_contact,90.9090909090909,79.25494015855743,-1.0,default::a1_gazebo::base::imu_sensor,500.0,740.1442393093565,-1.0
41515000000,55,41515000000,,0.776402338,default::a1_gazebo::FL_calf::FL_foot_contact,100.0,60.07937206001592,-1.0,default::a1_gazebo::FR_calf::FR_foot_contact,100.0,60.051468912975935,-1.0,default::a1_gazebo::RL_calf::RL_foot_contact,100.0,60.018512109875175,-1.0,default::a1_gazebo::RR_calf::RR_foot_contact,100.0,59.98545112868324,-1.0,default::a1_gazebo::base::imu_sensor,1000.0,280.9679345344712,-1.0
41641000000,56,41641000000,,0.380193298,default::a1_gazebo::FL_calf::FL_foot_contact,100.0,50.72575879394436,-1.0,default::a1_gazebo::FR_calf::FR_foot_contact,100.0,50.70132095193556,-1.0,default::a1_gazebo::RL_calf::RL_foot_contact,100.0,50.686998911496694,-1.0,default::a1_gazebo::RR_calf::RR_foot_contact,100.0,50.67066424427111,-1.0,default::a1_gazebo::base::imu_sensor,1000.0,745.1842468050224,-1.0
41766000000,57,41766000000,,0.412246015,default::a1_gazebo::FL_calf::FL_foot_contact,100.0,70.60251693736731,-1.0,default::a1_gazebo::FR_calf::FR_foot_contact,100.0,70.6045108798374,-1.0,default::a1_gazebo::RL_calf::RL_foot_contact,100.0,70.6015848078945,-1.0,default::a1_gazebo::RR_calf::RR_foot_contact,100.0,70.59165193007105,-1.0,default::a1_gazebo::base::imu_sensor,1000.0,271.7134357946585,-1.0
41900000000,58,41900000000,,0.801455443,default::a1_gazebo::FL_calf::FL_foot_contact,100.0,55.927473252685914,-1.0,default::a1_gazebo::FR_calf::FR_foot_contact,100.0,55.93962145770038,-1.0,default::a1_gazebo::RL_calf::RL_foot_contact,100.0,55.94492289474919,-1.0,default::a1_gazebo::RR_calf::RR_foot_contact,100.0,55.96017247372837,-1.0,default::a1_gazebo::base::imu_sensor,500.0,386.86171202555755,-1.0
42043000000,59,42043000000,,0.866274129,default::a1_gazebo::FL_calf::FL_foot_contact,100.0,84.60167458862648,-1.0,default::a1_gazebo::FR_calf::FR_foot_contact,100.0,84.60815972937571,-1.0,default::a1_gazebo::RL_calf::RL_foot_contact,100.0,84.6244986738918,-1.0,default::a1_gazebo::RR_calf::RR_foot_contact,100.0,84.64128094083185,-1.0,default::a1_gazebo::base::imu_sensor,1000.0,874.6327635683966,-1.0
42173000000,60,42173000000,,0.7972053170000001,default::a1_gazebo::FL_calf::FL_foot_contact,100.0,62.25075575530025,-1.0,default::a1_gazebo::FR_calf::FR_foot_contact,100.0,62.38368172644094,-1.0,default::a1_gazebo::RL_calf::RL_foot_contact,100.0,62.38085257158826,-1.0,default::a1_gazebo::RR_calf::RR_foot_contact,100.0,62.377638464946195,-1.0,default::a1_gazebo::base::imu_sensor,1000.0,791.5393937283167,-1.0
42310000000,61,42310000000,,0.326199566,default::a1_gazebo::FL_calf::FL_foot_contact,100.0,56.11737780104279,-1.0,default::a1_gazebo::FR_calf::FR_foot_contact,100.0,56.0482445353522,-1.0,default::a1_gazebo::RL_calf::RL_foot_contact,100.0,56.032840175232614,-1.0,default::a1_gazebo::RR_calf::RR_foot_contact,111.1111111111111,56.02697586834109,-1.0,default::a1_gazebo::base::imu_sensor,1000.0,330.71276538045856,-1.0
42462000000,62,42462000000,,0.418182054,default::a1_gazebo::FL_calf::FL_foot_contact,100.0,78.33162413729465,-1.0,default::a1_gazebo::FR_calf::FR_foot_contact,100.0,78.35740316043615,-1.0,default::a1_gazebo::RL_calf::RL_foot_contact,100.0,78.36679830721445,-1.0,default::a1_gazebo::RR_calf::RR_foot_contact,111.1111111111111,78.3850300896615,-1.0,default::a1_gazebo::base::imu_sensor,1000.0,403.66544369492743,-1.0
42595000000,63,42595000000,,0.789535808,default::a1_gazebo::FL_calf::FL_foot_contact,100.0,71.54952590210894,-1.0,default::a1_gazebo::FR_calf::FR_foot_contact,100.0,71.5910883126904,-1.0,default::a1_gazebo::RL_calf::RL_foot_contact,100.0,71.74478142808847,-1.0,default::a1_gazebo::RR_calf::RR_foot_contact,111.1111111111111,71.76604098400715,-1.0,default::a1_gazebo::base::imu_sensor,1000.0,810.3977269964553,-1.0
42731000000,64,42731000000,,0.8174121870000001,default::a1_gazebo::FL_calf::FL_foot_contact,100.0,75.9244600214441,-1.0,default::a1_gazebo::FR_calf::FR_foot_contact,100.0,75.8791260697534,-1.0,default::a1_gazebo::RL_calf::RL_foot_contact,100.0,75.8496814047907,-1.0,default::a1_gazebo::RR_calf::RR_foot_contact,111.1111111111111,75.8629735660779,-1.0,default::a1_gazebo::base::imu_sensor,500.0,825.513655234128,-1.0
42851000000,65,42851000000,,0.876216846,default::a1_gazebo::FL_calf::FL_foot_contact,100.0,60.01142377462973,-1.0,default::a1_gazebo::FR_calf::FR_foot_contact,100.0,60.043612077196144,-1.0,default::a1_gazebo::RL_calf::RL_foot_contact,100.0,60.04248365973828,-1.0,default::a1_gazebo::RR_calf::RR_foot_contact,100.0,60.05096044605372,-1.0,default::a1_gazebo::base::imu_sensor,1000.0,428.70745132134067,-1.0
42982000000,66,42982000000,,0.894568004,default::a1_gazebo::FL_calf::FL_foot_contact,100.0,61.655337292921296,-1.0,default::a1_gazebo::FR_calf::FR_foot_contact,100.0,61.662074075389526,-1.0,default::a1_gazebo::RL_calf::RL_foot_contact,100.0,61.662690039786,-1.0,default::a1_gazebo::RR_calf::RR_foot_contact,100.0,61.668101169480025,-1.0,default::a1_gazebo::base::imu_sensor,500.0,263.59011315659967,-1.0
43113000000,67,43113000000,,0.421500753,default::a1_gazebo::FL_calf::FL_foot_contact,100.0,68.62420411363674,-1.0,default::a1_gazebo::FR_calf::FR_foot_contact,100.0,68.6046661600898,-1.0,default::a1_gazebo::RL_calf::RL_foot_contact,111.1111111111111,68.57490042067272,-1.0,default::a1_gazebo::RR_calf::RR_foot_contact,111.1111111111111,68.54712450296479,-1.0,default::a1_gazebo::base::imu_sensor,500.0,271.7696306677896,-1.0
43242000000,68,43242000000,,0.6646426080000001,default::a1_gazebo::FL_calf::FL_foot_contact,100.0,52.70264152490666,-1.0,default::a1_gazebo::FR_calf::FR_foot_contact,90.9090909090909,52.69136423316518,-1.0,default::a1_gazebo::RL_calf::RL_foot_contact,83.33333333333333,52.67939242749537,-1.0,default::a1_gazebo::RR_calf::RR_foot_contact,83.33333333333333,52.67228908237761,-1.0,default::a1_gazebo::base::imu_sensor,500.0,776.545227935438,-1.0
43372000000,69,43372000000,,0.746813162,default::a1_gazebo::FL_calf::FL_foot_contact,100.0,60.59635417187416,-1.0,default::a1_gazebo::FR_calf::FR_foot_contact,100.0,60.62013549933926,-1.0,default::a1_gazebo::RL_calf::RL_foot_contact,100.0,60.7269329656034,-1.0,default::a1_gazebo::RR_calf::RR_foot_contact,100.0,60.7517359049138,-1.0,default::a1_gazebo::base::imu_sensor,1000.0,752.2292313270376,-1.0
43508000000,70,43508000000,,0.7918164190000001,default::a1_gazebo::FL_calf::FL_foot_contact,100.0,59.03832472849749,-1.0,default::a1_gazebo::FR_calf::FR_foot_contact,100.0,59.032096754551084,-1.0,default::a1_gazebo::RL_calf::RL_foot_contact,90.9090909090909,59.020780331443,-1.0,default::a1_gazebo::RR_calf::RR_foot_contact,90.9090909090909,59.01419037517505,-1.0,default::a1_gazebo::base::imu_sensor,1000.0,794.1859236898513,-1.0
43650000000,71,43650000000,,1.447994202,default::a1_gazebo::FL_calf::FL_foot_contact,100.0,84.03809783127083,-1.0,default::a1_gazebo::FR_calf::FR_foot_contact,111.1111111111111,84.10102147418661,-1.0,default::a1_gazebo::RL_calf::RL_foot_contact,100.0,83.80722126598182,-1.0,default::a1_gazebo::RR_calf::RR_foot_contact,100.0,83.77376693183018,-1.0,default::a1_gazebo::base::imu_sensor,333.3333333333333,180.78305093815555,-1.0
43783000000,72,43783000000,,0.730318287,default::a1_gazebo::FL_calf::FL_foot_contact,100.0,49.87634407395464,-1.0,default::a1_gazebo::FR_calf::FR_foot_contact,100.0,49.877167499598734,-1.0,default::a1_gazebo::RL_calf::RL_foot_contact,90.9090909090909,49.87137175796186,-1.0,default::a1_gazebo::RR_calf::RR_foot_contact,90.9090909090909,49.864540482552115,-1.0,default::a1_gazebo::base::imu_sensor,333.3333333333333,758.4220876781438,-1.0
43925000000,73,43925000000,,0.699880181,default::a1_gazebo::FL_calf::FL_foot_contact,100.0,61.98033748169798,-1.0,default::a1_gazebo::FR_calf::FR_foot_contact,100.0,61.97144170052114,-1.0,default::a1_gazebo::RL_calf::RL_foot_contact,100.0,61.96014128894938,-1.0,default::a1_gazebo::RR_calf::RR_foot_contact,111.1111111111111,61.95880532518583,-1.0,default::a1_gazebo::base::imu_sensor,1000.0,363.3235090656482,-1.0
44082000000,74,44082000000,,0.821972982,default::a1_gazebo::FL_calf::FL_foot_contact,100.0,72.78360988800276,-1.0,default::a1_gazebo::FR_calf::FR_foot_contact,100.0,72.78144859100574,-1.0,default::a1_gazebo::RL_calf::RL_foot_contact,100.0,72.51756248457642,-1.0,default::a1_gazebo::RR_calf::RR_foot_contact,111.1111111111111,72.50829241086157,-1.0,default::a1_gazebo::base::imu_sensor,500.0,391.420225231026,-1.0
44207000000,75,44207000000,,0.8608363370000001,default::a1_gazebo::FL_calf::FL_foot_contact,100.0,70.08385743794021,-1.0,default::a1_gazebo::FR_calf::FR_foot_contact,100.0,70.0830568323131,-1.0,default::a1_gazebo::RL_calf::RL_foot_contact,111.1111111111111,70.0745361819006,-1.0,default::a1_gazebo::RR_calf::RR_foot_contact,111.1111111111111,70.0621198779686,-1.0,default::a1_gazebo::base::imu_sensor,500.0,291.11335721239163,-1.0
44339000000,76,44339000000,,0.740663383,default::a1_gazebo::FL_calf::FL_foot_contact,100.0,56.59792584449199,-1.0,default::a1_gazebo::FR_calf::FR_foot_contact,100.0,56.493380190449344,-1.0,default::a1_gazebo::RL_calf::RL_foot_contact,100.0,56.214065861074126,-1.0,default::a1_gazebo::RR_calf::RR_foot_contact,100.0,56.19123766201971,-1.0,default::a1_gazebo::base::imu_sensor,1000.0,440.21796071671,-1.0
44469000000,77,44469000000,,0.6713797530000001,default::a1_gazebo::FL_calf::FL_foot_contact,100.0,69.52859335590324,-1.0,default::a1_gazebo::FR_calf::FR_foot_contact,100.0,69.50921834729182,-1.0,default::a1_gazebo::RL_calf::RL_foot_contact,100.0,69.48897529611337,-1.0,default::a1_gazebo::RR_calf::RR_foot_contact,100.0,69.4694582736909,-1.0,default::a1_gazebo::base::imu_sensor,1000.0,379.0260622110637,-1.0
44601000000,78,44601000000,,0.6710508660000001,default::a1_gazebo::FL_calf::FL_foot_contact,100.0,66.78704809462228,-1.0,default::a1_gazebo::FR_calf::FR_foot_contact,100.0,66.77025403878243,-1.0,default::a1_gazebo::RL_calf::RL_foot_contact,100.0,66.59935691660961,-1.0,default::a1_gazebo::RR_calf::RR_foot_contact,100.0,66.57478901950049,-1.0,default::a1_gazebo::base::imu_sensor,500.0,247.73815068425276,-1.0
44732000000,79,44732000000,,0.641023792,default::a1_gazebo::FL_calf::FL_foot_contact,100.0,64.12720374738858,-1.0,default::a1_gazebo::FR_calf::FR_foot_contact,100.0,64.13737507402254,-1.0,default::a1_gazebo::RL_calf::RL_foot_contact,100.0,64.13656881799318,-1.0,default::a1_gazebo::RR_calf::RR_foot_contact,100.0,64.14167407716808,-1.0,default::a1_gazebo::base::imu_sensor,500.0,696.3652519310208,-1.0
44853000000,80,44853000000,,0.372324661,default::a1_gazebo::FL_calf::FL_foot_contact,100.0,57.14880388410702,-1.0,default::a1_gazebo::FR_calf::FR_foot_contact,100.0,57.21528515497361,-1.0,default::a1_gazebo::RL_calf::RL_foot_contact,100.0,57.225916473052315,-1.0,default::a1_gazebo::RR_calf::RR_foot_contact,100.0,57.24199045741673,-1.0,default::a1_gazebo::base::imu_sensor,1000.0,394.04286004188674,-1.0
44992000000,81,44992000000,,0.86015512,default::a1_gazebo::FL_calf::FL_foot_contact,100.0,63.004270429449704,-1.0,default::a1_gazebo::FR_calf::FR_foot_contact,100.0,63.01633219488027,-1.0,default::a1_gazebo::RL_calf::RL_foot_contact,100.0,63.01317933248374,-1.0,default::a1_gazebo::RR_calf::RR_foot_contact,111.1111111111111,63.01674518763173,-1.0,default::a1_gazebo::base::imu_sensor,500.0,288.80124092117194,-1.0
45115000000,82,45115000000,,0.420534887,default::a1_gazebo::FL_calf::FL_foot_contact,100.0,68.11299155187754,-1.0,default::a1_gazebo::FR_calf::FR_foot_contact,100.0,68.11153945701481,-1.0,default::a1_gazebo::RL_calf::RL_foot_contact,90.9090909090909,68.11138636435926,-1.0,default::a1_gazebo::RR_calf::RR_foot_contact,100.0,68.11884695227764,-1.0,default::a1_gazebo::base::imu_sensor,333.3333333333333,205.02546108688506,-1.0
45245000000,83,45245000000,,0.83890858,default::a1_gazebo::FL_calf::FL_foot_contact,100.0,89.81481980452702,-1.0,default::a1_gazebo::FR_calf::FR_foot_contact,111.1111111111111,89.84577433760303,-1.0,default::a1_gazebo::RL_calf::RL_foot_contact,111.1111111111111,89.86277774113373,-1.0,default::a1_gazebo::RR_calf::RR_foot_contact,111.1111111111111,89.86330263992322,-1.0,default::a1_gazebo::base::imu_sensor,1000.0,841.6828269769446,-1.0
45386000000,84,45386000000,,0.7996545490000001,default::a1_gazebo::FL_calf::FL_foot_contact,100.0,63.14663735315565,-1.0,default::a1_gazebo::FR_calf::FR_foot_contact,100.0,63.13116566583777,-1.0,default::a1_gazebo::RL_calf::RL_foot_contact,100.0,63.12110775524234,-1.0,default::a1_gazebo::RR_calf::RR_foot_contact,100.0,63.12222337174805,-1.0,default::a1_gazebo::base::imu_sensor,1000.0,789.1750437597561,-1.0
45515000000,85,45515000000,,0.412336107,default::a1_gazebo::FL_calf::FL_foot_contact,100.0,68.4444707271212,-1.0,default::a1_gazebo::FR_calf::FR_foot_contact,100.0,68.45968515253878,-1.0,default::a1_gazebo::RL_calf::RL_foot_contact,90.9090909090909,68.46145209478351,-1.0,default::a1_gazebo::RR_calf::RR_foot_contact,90.9090909090909,68.46223482779317,-1.0,default::a1_gazebo::base::imu_sensor,1000.0,435.28716329449696,-1.0
45645000000,86,45645000000,,0.78820716,default::a1_gazebo::FL_calf::FL_foot_contact,100.0,72.71712406101285,-1.0,default::a1_gazebo::FR_calf::FR_foot_contact,100.0,72.72456472893518,-1.0,default::a1_gazebo::RL_calf::RL_foot_contact,100.0,72.73503818444034,-1.0,default::a1_gazebo::RR_calf::RR_foot_contact,100.0,72.74873228059127,-1.0,default::a1_gazebo::base::imu_sensor,500.0,387.0253617719569,-1.0
45771000000,87,45771000000,,0.7101778430000001,default::a1_gazebo::FL_calf::FL_foot_contact,100.0,56.10745969997546,-1.0,default::a1_gazebo::FR_calf::FR_foot_contact,100.0,56.11326844806467,-1.0,default::a1_gazebo::RL_calf::RL_foot_contact,100.0,56.10854579722584,-1.0,default::a1_gazebo::RR_calf::RR_foot_contact,90.9090909090909,56.109087287504366,-1.0,default::a1_gazebo::base::imu_sensor,1000.0,362.43361122326417,-1.0
45901000000,88,45901000000,,0.679711693,default::a1_gazebo::FL_calf::FL_foot_contact,100.0,59.37437341481556,-1.0,default::a1_gazebo::FR_calf::FR_foot_contact,90.9090909090909,59.49435627612211,-1.0,default::a1_gazebo::RL_calf::RL_foot_contact,90.9090909090909,59.49003476478651,-1.0,default::a1_gazebo::RR_calf::RR_foot_contact,90.9090909090909,59.50109639695275,-1.0,default::a1_gazebo::base::imu_sensor,500.0,631.3541852784618,-1.0
46041000000,89,46041000000,,0.792599656,default::a1_gazebo::FL_calf::FL_foot_contact,100.0,80.18775481663786,-1.0,default::a1_gazebo::FR_calf::FR_foot_contact,100.0,80.12912327440931,-1.0,default::a1_gazebo::RL_calf::RL_foot_contact,111.1111111111111,80.10599625424362,-1.0,default::a1_gazebo::RR_calf::RR_foot_contact,111.1111111111111,80.09626289259482,-1.0,default::a1_gazebo::base::imu_sensor,1000.0,683.8925522733272,-1.0
46186000000,90,46186000000,,0.44961582600000005,default::a1_gazebo::FL_calf::FL_foot_contact,100.0,71.90736145860343,-1.0,default::a1_gazebo::FR_calf::FR_foot_contact,100.0,71.90841111965783,-1.0,default::a1_gazebo::RL_calf::RL_foot_contact,100.0,71.86574616227932,-1.0,default::a1_gazebo::RR_calf::RR_foot_contact,100.0,71.86700636763236,-1.0,default::a1_gazebo::base::imu_sensor,500.0,293.1065157871566,-1.0
46322000000,91,46322000000,,0.733442714,default::a1_gazebo::FL_calf::FL_foot_contact,100.0,63.496691695369286,-1.0,default::a1_gazebo::FR_calf::FR_foot_contact,100.0,63.47049158466967,-1.0,default::a1_gazebo::RL_calf::RL_foot_contact,100.0,63.461573731528475,-1.0,default::a1_gazebo::RR_calf::RR_foot_contact,111.1111111111111,63.45298048484549,-1.0,default::a1_gazebo::base::imu_sensor,500.0,383.01394438867334,-1.0
46452000000,92,46452000000,,0.8539002320000001,default::a1_gazebo::FL_calf::FL_foot_contact,100.0,81.71693156844373,-1.0,default::a1_gazebo::FR_calf::FR_foot_contact,100.0,82.49979663800129,-1.0,default::a1_gazebo::RL_calf::RL_foot_contact,100.0,82.73982676596991,-1.0,default::a1_gazebo::RR_calf::RR_foot_contact,100.0,82.7745362349671,-1.0,default::a1_gazebo::base::imu_sensor,500.0,422.9667565048057,-1.0
46589000000,93,46589000000,,0.776294452,default::a1_gazebo::FL_calf::FL_foot_contact,100.0,66.96924263411996,-1.0,default::a1_gazebo::FR_calf::FR_foot_contact,111.1111111111111,66.96857439374857,-1.0,default::a1_gazebo::RL_calf::RL_foot_contact,111.1111111111111,66.96769538645482,-1.0,default::a1_gazebo::RR_calf::RR_foot_contact,125.0,66.97033696258983,-1.0,default::a1_gazebo::base::imu_sensor,500.0,193.5529824191955,-1.0
46728000000,94,46728000000,,0.7888488330000001,default::a1_gazebo::FL_calf::FL_foot_contact,100.0,92.38026340014981,-1.0,default::a1_gazebo::FR_calf::FR_foot_contact,111.1111111111111,92.3567749605267,-1.0,default::a1_gazebo::RL_calf::RL_foot_contact,100.0,92.63994189622844,-1.0,default::a1_gazebo::RR_calf::RR_foot_contact,111.1111111111111,92.68532941385612,-1.0,default::a1_gazebo::base::imu_sensor,1000.0,799.5202878273035,-1.0
46857000000,95,46857000000,,0.412618024,default::a1_gazebo::FL_calf::FL_foot_contact,100.0,60.5728483297673,-1.0,default::a1_gazebo::FR_calf::FR_foot_contact,100.0,60.540991881816225,-1.0,default::a1_gazebo::RL_calf::RL_foot_contact,100.0,60.70413273128593,-1.0,default::a1_gazebo::RR_calf::RR_foot_contact,100.0,60.68890648057991,-1.0,default::a1_gazebo::base::imu_sensor,1000.0,412.38473846559884,-1.0
46997000000,96,46997000000,,0.7391452820000001,default::a1_gazebo::FL_calf::FL_foot_contact,100.0,74.21020857892275,-1.0,default::a1_gazebo::FR_calf::FR_foot_contact,100.0,74.16729962276285,-1.0,default::a1_gazebo::RL_calf::RL_foot_contact,111.1111111111111,67.53023885918196,-1.0,default::a1_gazebo::RR_calf::RR_foot_contact,100.0,67.58551882935934,-1.0,default::a1_gazebo::base::imu_sensor,500.0,754.6560390972201,-1.0
47135000000,97,47135000000,,0.883342285,default::a1_gazebo::FL_calf::FL_foot_contact,100.0,77.27428856460304,-1.0,default::a1_gazebo::FR_calf::FR_foot_contact,111.1111111111111,77.32302730786425,-1.0,default::a1_gazebo::RL_calf::RL_foot_contact,111.1111111111111,77.34187125718515,-1.0,default::a1_gazebo::RR_calf::RR_foot_contact,111.1111111111111,77.37943703364381,-1.0,default::a1_gazebo::base::imu_sensor,500.0,882.1399303285883,-1.0
47274000000,98,47274000000,,0.768943303,default::a1_gazebo::FL_calf::FL_foot_contact,100.0,58.27296982072029,-1.0,default::a1_gazebo::FR_calf::FR_foot_contact,100.0,58.268216173916635,-1.0,default::a1_gazebo::RL_calf::RL_foot_contact,100.0,58.25869423623434,-1.0,default::a1_gazebo::RR_calf::RR_foot_contact,100.0,58.27357766434372,-1.0,default::a1_gazebo::base::imu_sensor,1000.0,801.7028167828466,-1.0
47399000000,99,47399000000,,0.8446702150000001,default::a1_gazebo::FL_calf::FL_foot_contact,100.0,65.68988436215515,-1.0,default::a1_gazebo::FR_calf::FR_foot_contact,100.0,65.66242984215604,-1.0,default::a1_gazebo::RL_calf::RL_foot_contact,100.0,65.66241259594182,-1.0,default::a1_gazebo::RR_calf::RR_foot_contact,100.0,65.66480128288009,-1.0,default::a1_gazebo::base::imu_sensor,1000.0,799.2154900749423,-1.0
47536000000,100,47536000000,,0.387809593,default::a1_gazebo::FL_calf::FL_foot_contact,100.0,73.75854594172735,-1.0,default::a1_gazebo::FR_calf::FR_foot_contact,100.0,73.73436075774737,-1.0,default::a1_gazebo::RL_calf::RL_foot_contact,111.1111111111111,73.71704875564515,-1.0,default::a1_gazebo::RR_calf::RR_foot_contact,111.1111111111111,73.71402746245579,-1.0,default::a1_gazebo::base::imu_sensor,500.0,259.6604057349636,-1.0
47659000000,101,47659000000,,0.399168134,default::a1_gazebo::FL_calf::FL_foot_contact,100.0,67.98319292311277,-1.0,default::a1_gazebo::FR_calf::FR_foot_contact,100.0,68.8213389095135,-1.0,default::a1_gazebo::RL_calf::RL_foot_contact,100.0,68.88519235638884,-1.0,default::a1_gazebo::RR_calf::RR_foot_contact,100.0,68.88401557440038,-1.0,default::a1_gazebo::base::imu_sensor,333.3333333333333,266.7266979554865,-1.0
47781000000,102,47781000000,,0.415758581,default::a1_gazebo::FL_calf::FL_foot_contact,100.0,56.3747591036075,-1.0,default::a1_gazebo::FR_calf::FR_foot_contact,100.0,56.379879509431895,-1.0,default::a1_gazebo::RL_calf::RL_foot_contact,100.0,56.37435230801953,-1.0,default::a1_gazebo::RR_calf::RR_foot_contact,100.0,56.342808578575735,-1.0,default::a1_gazebo::base::imu_sensor,1000.0,767.9205785820807,-1.0
47909000000,103,47909000000,,0.5300638990000001,default::a1_gazebo::FL_calf::FL_foot_contact,100.0,105.87520574199355,-1.0,default::a1_gazebo::FR_calf::FR_foot_contact,100.0,105.8762706608278,-1.0,default::a1_gazebo::RL_calf::RL_foot_contact,111.1111111111111,105.87314322328243,-1.0,default::a1_gazebo::RR_calf::RR_foot_contact,111.1111111111111,105.91784164859003,-1.0,default::a1_gazebo::base::imu_sensor,1000.0,321.13295707255196,-1.0
48053000000,104,48053000000,,0.393108648,default::a1_gazebo::FL_calf::FL_foot_contact,100.0,81.3794003672815,-1.0,default::a1_gazebo::FR_calf::FR_foot_contact,100.0,81.58684454556861,-1.0,default::a1_gazebo::RL_calf::RL_foot_contact,111.1111111111111,81.60191744921545,-1.0,default::a1_gazebo::RR_calf::RR_foot_contact,111.1111111111111,81.61700924590127,-1.0,default::a1_gazebo::base::imu_sensor,500.0,403.8297599110928,-1.0
48180000000,105,48180000000,,0.7703347180000001,default::a1_gazebo::FL_calf::FL_foot_contact,100.0,80.86948934071391,-1.0,default::a1_gazebo::FR_calf::FR_foot_contact,100.0,72.98877425353103,-1.0,default::a1_gazebo::RL_calf::RL_foot_contact,100.0,73.06236596252323,-1.0,default::a1_gazebo::RR_calf::RR_foot_contact,100.0,73.05888568103558,-1.0,default::a1_gazebo::base::imu_sensor,500.0,379.2491549380705,-1.0
48316000000,106,48316000000,,0.38996906000000003,default::a1_gazebo::FL_calf::FL_foot_contact,100.0,59.22323047798003,-1.0,default::a1_gazebo::FR_calf::FR_foot_contact,100.0,59.192010120413116,-1.0,default::a1_gazebo::RL_calf::RL_foot_contact,100.0,59.19001308217669,-1.0,default::a1_gazebo::RR_calf::RR_foot_contact,100.0,59.19472911189674,-1.0,default::a1_gazebo::base::imu_sensor,1000.0,738.2378410381987,-1.0
48450000000,107,48450000000,,0.760962039,default::a1_gazebo::FL_calf::FL_foot_contact,100.0,62.40631252332436,-1.0,default::a1_gazebo::FR_calf::FR_foot_contact,90.9090909090909,62.3986801431176,-1.0,default::a1_gazebo::RL_calf::RL_foot_contact,90.9090909090909,62.384755860689104,-1.0,default::a1_gazebo::RR_calf::RR_foot_contact,90.9090909090909,62.38151411163421,-1.0,default::a1_gazebo::base::imu_sensor,500.0,334.1837195049001,-1.0
48581000000,108,48581000000,,0.756132232,default::a1_gazebo::FL_calf::FL_foot_contact,100.0,52.56094257328073,-1.0,default::a1_gazebo::FR_calf::FR_foot_contact,100.0,52.560213243092356,-1.0,default::a1_gazebo::RL_calf::RL_foot_contact,100.0,52.55419151735408,-1.0,default::a1_gazebo::RR_calf::RR_foot_contact,90.9090909090909,52.56310581936132,-1.0,default::a1_gazebo::base::imu_sensor,1000.0,755.903035782182,-1.0
48717000000,109,48717000000,,0.856489967,default::a1_gazebo::FL_calf::FL_foot_contact,100.0,66.62693036539675,-1.0,default::a1_gazebo::FR_calf::FR_foot_contact,100.0,66.63606738452368,-1.0,default::a1_gazebo::RL_calf::RL_foot_contact,100.0,66.63356755254439,-1.0,default::a1_gazebo::RR_calf::RR_foot_contact,100.0,66.64135183848161,-1.0,default::a1_gazebo::base::imu_sensor,1000.0,862.8365925547556,-1.0
48835000000,110,48835000000,,0.810729519,default::a1_gazebo::FL_calf::FL_foot_contact,100.0,58.71358304689911,-1.0,default::a1_gazebo::FR_calf::FR_foot_contact,100.0,58.642857666454084,-1.0,default::a1_gazebo::RL_calf::RL_foot_contact,90.9090909090909,58.62051278293556,-1.0,default::a1_gazebo::RR_calf::RR_foot_contact,83.33333333333333,58.59622431712838,-1.0,default::a1_gazebo::base::imu_sensor,500.0,782.8064393657702,-1.0
48974000000,111,48974000000,,0.42490576700000005,default::a1_gazebo::FL_calf::FL_foot_contact,100.0,69.4581913781547,-1.0,default::a1_gazebo::FR_calf::FR_foot_contact,111.1111111111111,69.44655677721308,-1.0,default::a1_gazebo::RL_calf::RL_foot_contact,125.0,69.5399653134653,-1.0,default::a1_gazebo::RR_calf::RR_foot_contact,111.1111111111111,69.53129579287683,-1.0,default::a1_gazebo::base::imu_sensor,1000.0,422.4948064825913,-1.0
49134000000,112,49134000000,,0.8262543990000001,default::a1_gazebo::FL_calf::FL_foot_contact,100.0,74.43134452780754,-1.0,default::a1_gazebo::FR_calf::FR_foot_contact,100.0,74.4656475447075,-1.0,default::a1_gazebo::RL_calf::RL_foot_contact,100.0,74.48090533030047,-1.0,default::a1_gazebo::RR_calf::RR_foot_contact,100.0,82.69668600473538,-1.0,default::a1_gazebo::base::imu_sensor,1000.0,805.0706570262139,-1.0
49295000000,113,49295000000,,0.807190453,default::a1_gazebo::FL_calf::FL_foot_contact,100.0,89.32790576977877,-1.0,default::a1_gazebo::FR_calf::FR_foot_contact,100.0,89.3147575309757,-1.0,default::a1_gazebo::RL_calf::RL_foot_contact,100.0,89.30550502352396,-1.0,default::a1_gazebo::RR_calf::RR_foot_contact,111.1111111111111,89.30499459615477,-1.0,default::a1_gazebo::base::imu_sensor,1000.0,304.09962790369525,-1.0
