ros_time,wall_elapsed,x,y,z,qx,qy,qz,qw,vx,vy,vz,wz
0.002,59.34347422000428,0.0,2.3,0.6,0.0,0.0,0.7071080798594737,0.7071054825112364,0.0,0.0,0.0,0.0
0.024,59.364398746001825,-5.449418788264736e-06,2.3024777251805824,0.5951568465711582,0.0007719896750500054,0.0005647104238552346,0.707188179183594,0.7070247268356828,-2.070500699858878e-05,0.00031120833421011617,-0.22189866697420044,1.622796798845085e-05
0.046,59.386110402003396,-6.8527462209685974e-06,2.3027700333452192,0.587264547321512,0.0009597376402467219,0.0006980423596801726,0.7071977969450103,0.7070147577219659,-5.33239183088864e-05,0.011468452858912735,-0.4530755459659492,0.0010914467674243082
0.066,59.40599356700113,-7.920735578953453e-06,2.3029965448879883,0.5760425141320819,0.0011104266904119315,0.0008059739014153625,0.7072052750573298,0.7070069421792984,-5.381049631835223e-05,0.011185884083104565,-0.6495574087006155,0.0010703182059217723
0.088,59.427727006004716,-9.121593073674328e-06,2.3032382324846723,0.5591569627426541,0.0012814708331064667,0.0009288889074586707,0.7072132488316343,0.7069985259354553,-5.52212939322711e-05,0.010821009137664438,-0.865817673573944,0.0010392708381458287
0.108,59.44762831299886,-1.0238375279120367e-05,2.303451205444442,0.5396789856678362,0.0014411063174065261,0.0010437960936365653,0.7072202542246798,0.7069910506623658,-5.631149384281195e-05,0.010511813510450314,-1.0623120712705905,0.0010113657405229478
0.128,60.06057248700381,-1.1374330568292117e-05,2.3036583128380372,0.5162723320321704,0.001603929275999145,0.001161095946123545,0.7072270337433143,0.7069837353219057,-5.716525470663553e-05,0.01023190018313702,-1.2586974656840273,0.0009846656848168493
0.15,60.08256968000205,-1.264071154561102e-05,2.3038800757496434,0.4859898726038781,0.0017859255401450527,0.0012922232815979883,0.7072342412558928,0.7069758614154782,-5.78618106473436e-05,0.009959323088418095,-1.4746063679345809,0.000956919805950463
0.17,60.45174420400144,-1.3803047042648155e-05,2.3040768439669708,0.4543395576185218,0.001953368540087289,0.001412772889438479,0.7072405776679065,0.7069688491893228,-5.8303590404753096e-05,0.009744177334355602,-1.670792337578998,0.000933277744295282
0.192,60.473770684002375,-1.5089639367816751e-05,2.304288742559449,0.41499343874315764,0.0021391111199100163,0.0015462503417902633,0.7072473243428045,0.706961282902707,-5.8606126785601075e-05,0.009543872615921968,-1.886501825695178,0.0009090935514465688
0.214,60.495995502998994,-1.6380813602969585e-05,2.304496696253854,0.3709028248048784,0.002325900565113301,0.0016800344280943763,0.7072538528277197,0.7069538565785096,-5.8738971581751995e-05,0.009382133145327074,-2.10211962218329,0.0008868895722738173
0.234,61.11463513700437,-1.755562468581072e-05,2.3046830413933814,0.32670495560563234,0.0024961767077573286,0.0018014060529347974,0.7072596130719984,0.7069472142637833,-5.872763837923256e-05,0.009269073402800945,-2.298061838175813,0.0008684836937828481
0.256,61.45201253500272,-1.9091012817939144e-05,2.304883855801017,0.2735875035228556,0.0026621336872549397,0.0019210987723440414,0.7072654426753342,0.7069404614400012,3.229339745656543e-05,0.008164124539514586,-2.5049163657956366,0.0006107786126120323
0.276,61.47183570799825,-1.814710381476889e-05,2.304983844342314,0.22137540830483912,0.0027842128394159568,0.0020024566524797565,0.707265404249637,0.706939803857314,5.1520414182784866e-05,0.0035058655607755323,-2.697705961847554,-0.0001847708257862859
0.298,61.493752296999446,-1.663879369407338e-05,2.3050790801578467,0.15959522724079442,0.0028912704339359055,0.0020150906713493873,0.7072642565605398,0.7069404864320128,8.709108205941555e-05,0.006544538447574944,-2.898259943324176,1.8759145260334964e-05
0.318,61.513652166999236,8.400803833395233e-06,2.30797735845588,0.10659435388127035,-5.8253039167710524e-05,0.000164447224257207,0.7072819982082605,0.7069314992092401,0.005686379863647132,0.11760790577969915,-1.8065024367946387,-0.049346552330588246
0.338,62.108963299004245,0.0006500410428438865,2.3042527941376076,0.09841815632241603,-0.010722188366364415,-0.0071829396767595245,0.70694565365154,0.707150113368748,0.023323673583832135,-0.1713419359341583,-0.40604849453482855,-0.08049464620688147
0.36,62.47199193900451,0.0017263091350247497,2.3010994625449697,0.09386869557779644,-0.008314295081492826,-0.00851973374241378,0.706491450160122,0.7076214506958532,0.040057307467294016,-0.10672422981446066,-0.019569984930247603,-0.1330830804603795
0.38,62.4919924220012,0.002253844606896638,2.2999493421736243,0.09361170504066053,-0.00898146823103743,-0.008534289207869007,0.7058676919051615,0.7082353427079244,0.019137854564647692,-0.017648946061126068,-0.017724080557772345,-0.04019769038746371
0.4,62.51192429900402,0.0025232459785763583,2.299980477743613,0.09326031511400643,-0.009292307999879568,-0.008588585508352724,0.7058246055940184,0.7082736161604847,0.00894421870174998,0.0020068277438667933,-0.013582886784711916,0.0019748376319906435
0.422,63.04609105399868,0.0026497433092665537,2.299994571368693,0.09309065022549684,-0.0094291691313963,-0.00865331679600804,0.7058214499668115,0.7082741641798516,0.0039425621057650245,0.0001979621468148278,-0.004784566820882232,-0.0009894607359340814
0.442,63.344323869998334,0.002707533255602356,2.2999974174140116,0.09301912330384578,-0.009491530499115757,-0.008679741002079267,0.7058159902363299,0.7082784486850002,0.0022382515432198603,0.00010856594864297693,-0.002924661959717069,-0.00035665052794642103
0.462,63.364006144001905,0.002739262391219039,2.299999281964591,0.09296885138575389,-0.009536330010222943,-0.008685160835872802,0.7058163209110065,0.7082774509518444,0.0010771145916084156,7.158005253641158e-05,-0.002227444321854499,0.0002103404345875562
0.484,63.38592989400058,0.0027502079096899403,2.3000004165003216,0.09292810496813171,-0.009585595659851587,-0.00867060488169709,0.7058184254597244,0.708274867017309,6.401587317199497e-05,2.5852875688902897e-05,-0.0015758690492418987,0.0002901328911617193
0.504,63.406177329001366,0.002744948761056875,2.3000007352887204,0.0929011715421242,-0.009626615060220022,-0.008642614824080656,0.7058219621040969,0.7082711283844683,-0.00045628259914982016,1.0346249671769291e-05,-0.001221292756865607,0.0006617642489309283
0.524,63.87545113800297,0.002734090638218574,2.3000010036708254,0.09287903139504607,-0.009656640638714744,-0.008607979087167409,0.7058277183411934,0.7082654050628723,-0.0005524031965109396,3.25886950472007e-06,-0.0010493218571733037,0.0007284733477420373
0.544,64.171188858003,0.0027250612767261095,2.300001228674837,0.09285950877089695,-0.009677967878018574,-0.008572116759483188,0.7058322866239355,0.7082609963221472,-0.0003378991340379878,2.2833716907649902e-06,-0.0009387403452390554,0.000431838538486582
0.566,64.19300014900364,0.002721485481206776,2.3000013371897374,0.09284018594282202,-0.009697916787269141,-0.008536789211947964,0.7058343741308557,0.7082590697867847,-2.447963184363031e-05,-2.313638134829007e-06,-0.0008491899047210621,3.77626922750527e-05
0.586,64.21323797399964,0.0027231015354446057,2.3000013758196935,0.09282410309718563,-0.009716881667113167,-0.008510914282565703,0.7058341372694367,0.7082593573076549,0.00014196221443415753,-1.7034819893471781e-06,-0.0007847375644674527,-0.0001517097437201598
0.606,64.2331266609981,0.002726301953672411,2.300001454659623,0.09280925570655615,-0.009736934501443688,-0.008490712007312044,0.7058331435807591,0.708260314671821,0.00015520632945127227,-1.5081615875708362e-07,-0.0007248930078338602,-0.00016998046013688305
0.626,64.70815346000018,0.0027286463814085865,2.300001557451919,0.09279554854504338,-0.009756430323308694,-0.008474330765368932,0.7058324578335369,0.7082609259687379,7.888275063422995e-05,7.260534429232568e-07,-0.0006698180984619972,-7.973762471951527e-05
0.646,64.99381655400066,0.0027292459120866986,2.300001674070038,0.09278290526156945,-0.009773725216235579,-0.008459881310536693,0.7058324671581153,0.7082608509645985,-6.441224241332169e-06,1.3221116398342861e-06,-0.0006181698209781586,1.7895177228775815e-05
0.666,65.01386656500108,0.0027285434662693655,2.3000018159015516,0.09277126242264995,-0.009788147312093447,-0.008446388276487363,0.7058330128500407,0.7082602690171982,-5.166021971886737e-05,4.780106559221925e-06,-0.0005686446681953449,8.179540916679054e-05
0.686,65.03377222300333,0.002727377696560884,2.300001997100617,0.09276061739380285,-0.0097999167739904,-0.008433942952953197,0.7058338123352265,0.708259457827292,-5.8464939326069314e-05,4.624399814185678e-06,-0.0005195403981172601,8.623629679611287e-05
0.708,65.05591300800006,0.0027263673815401714,2.3000021914891327,0.09274993879767089,-0.009810473618718812,-0.008421687427050488,0.7058344921689249,0.7082587800040983,-3.2809312739094127e-05,3.647038348275674e-06,-0.0004744970344175607,5.0291274381778295e-05
0.728,65.51288783700147,0.0027259859850074504,2.300002369277276,0.09274100608462421,-0.009818746050280233,-0.008412133615783055,0.7058348570359342,0.7082584152885816,-9.264073892639415e-06,3.982670001846043e-06,-0.0004409079445942974,2.1698146124669417e-05
0.748,65.81121064600302,0.0026916964437481853,2.299985887143534,0.09256554909834644,-0.008388473573802258,-0.006901106013657274,0.7058179383769267,0.7083099929495804,-0.016528651125541208,-0.003949089815732035,-0.02930432673853222,-0.06048621167098352
0.768,65.83139126600145,0.002501158743924128,2.299440302019358,0.09218995798686348,-0.011792222152459644,-0.010329456815632004,0.7054528387624659,0.7085834729236771,-0.016214792640357623,-0.02802557096496674,0.017805438181518595,-0.015390222504671546
0.788,65.85142461799842,0.0021403761029168437,2.2983171011066568,0.09134535309131507,-0.002444838478186029,0.0004965074590271503,0.7056042247354657,0.7086017600038976,-0.06120085064709322,-0.06524380524521446,-0.05692293143021637,-0.3142190055468137
0.808,65.8714259039989,0.0014400248257149116,2.2975264722131046,0.08966615083581775,-0.01074366914291768,-0.009158680295706444,0.705992132438194,0.7080789511657298,-0.07754970275251702,-0.05737838486381018,-0.16126518697637093,-0.3114686766364123
0.83,66.37314048899862,0.0012320397247173919,2.29699052222872,0.08832898539981446,-0.005814654573681106,-0.004883361594232247,0.7063991333722265,0.7077729911085165,-0.0065080515692890065,-0.007156479044027517,0.03666348879993609,0.010059291449844117
0.85,66.72225372400135,0.0027333113739006804,2.2989878175585474,0.09888805273245924,-0.007703833935095347,-0.01759994631164368,0.708611277142075,0.7053374729444091,0.09013028828903787,0.1607519936737962,0.8397671276172058,0.3686602799243865
0.87,66.7421306200049,0.005638779973127337,2.3003567837930756,0.12125521750856005,-0.003014147280213629,-0.030149333087179795,0.708732804370297,0.7048260385655354,0.1666450452181997,0.016269944029490935,1.358361445952322,-0.12188261165091563
0.89,66.76181546300359,0.009310532324733271,2.300018885551562,0.15390179899430903,0.014414199897716484,-0.03671947706845897,0.706278419632158,0.7068342838367625,0.19310929620610476,-0.03467495762862666,1.8185572701534567,-0.3371366171342825
0.91,66.78212170099869,0.012725269754316915,2.29948970151756,0.19213026521960622,0.030390921087789666,-0.042582323485814415,0.7032106961298924,0.7090541971460976,0.12774011980624772,-0.0019477815106493659,1.9441252521417967,-0.24077161580663406
0.93,67.30298842900083,0.014560180148875874,2.3002343565444265,0.2309383630596217,0.023600350087199837,-0.05915047318439104,0.7015041147799421,0.7098142164993838,0.08120671474210156,0.05161726308164315,1.936250371981991,-0.23009047775306338
0.952,67.65316587100097,0.016186616512083554,2.3017908604088206,0.270543355812376,0.005817441306710541,-0.08584999173696513,0.7004972747495976,0.7084486603585276,0.07567057375163641,0.06680008823472536,1.7009767180195459,-0.11701303943552306
0.972,67.67315090299962,0.017633713984458604,2.302730152786226,0.3025348021024198,-0.013512384817368151,-0.10990789295304797,0.697861613118868,0.7076205476512819,0.07195638733951122,0.03797774190679907,1.520020664107455,-0.4833807952914728
0.992,67.69305700200493,0.01898187446004082,2.3036250754849443,0.3307715810092216,-0.035142306640575625,-0.13695367592523772,0.6923295387423808,0.7075934699524206,0.06632573398082246,0.05963702861086194,1.3100707030452001,-0.6216990307361542
1.012,67.71307675199932,0.020281032750670766,2.3053776913688426,0.35461627108627514,-0.04961236629794546,-0.16401791390296552,0.6855622895347323,0.7075599509561955,0.060558366094235115,0.10186021387815063,1.089580358321901,-0.4931446389924776
1.032,68.23442276000424,0.021523334336855073,2.3074631129739016,0.3738407318173033,-0.05775517907254304,-0.18173855281652934,0.6803294313009266,0.7076632692292358,0.05284178137615156,0.09119383151425917,0.8788356905514911,-0.4227233744219524
1.052,68.60069504700368,0.02270407319722084,2.309140287117701,0.38903631216789075,-0.06624928860067728,-0.1911529583820819,0.6758999191426318,0.7086824941852777,0.064153441628481,0.08041843509084899,0.664266179847819,-0.5124953964732588
1.072,68.62056480799947,0.023736379810099833,2.310656575827619,0.40086361694736683,-0.07326347328720752,-0.19922042617197988,0.6709783684280659,0.7104447299961903,0.060603711362512816,0.08289456633348932,0.48124619117313283,-0.5162863937389219
1.092,68.64047013500385,0.024847849502294822,2.311944283073934,0.4089572166583742,-0.08300187782588896,-0.21117469079020335,0.665075962971714,0.711470239521152,0.058203087656334966,0.064313922756093,0.29871001648466217,-0.5283385541095165
1.112,68.66047267900285,0.02595757925042206,2.312829740843922,0.41305106214332565,-0.09722333354848976,-0.22318453452551906,0.6590020769980955,0.7116547965654014,0.05324521032350486,0.03615739530057001,0.10903391358763029,-0.6151162629689959
1.1320000000000001,69.16604470099992,0.0269106940774258,2.3131774100620106,0.4131882563070657,-0.1142883778429228,-0.23148516871367747,0.653081733174343,0.7119248788668858,0.045986258316263996,0.011433407442056419,-0.08867591794636676,-0.7053840690539308
1.154,69.49645769400377,0.027894564324045537,2.3133209529172656,0.40834112618994534,-0.13089963811913863,-0.23758824300138784,0.6469857248885125,0.7126195221282381,0.04752593992375169,0.009443641674005201,-0.32725127620020766,-0.616142798768354
1.174,69.5165546950011,0.029414907963635405,2.314365425807801,0.3987675805035657,-0.14366980549370473,-0.25143583982347184,0.6397525418111638,0.7119379823326057,0.07524897946418749,0.06531912584502222,-0.5671087904098306,-0.4553470873398802
1.194,69.53666615900147,0.03112165144263079,2.315759640280045,0.3851023725191227,-0.15532977366284817,-0.27155263585651807,0.631216318857769,0.7097166943089849,0.07987420305619772,0.06342456705351122,-0.7688872863952173,-0.40827815204317874
1.214,69.55644974399911,0.03269077555853678,2.3172113828198233,0.36841313360772815,-0.1690827898729813,-0.30128855597784,0.6189920654337966,0.7053261934279484,0.07556115144137565,0.10583486385020867,-0.918931833824739,-0.555392084395298
1.234,70.06170948900399,0.034088054097596625,2.3208246277818523,0.35001616117809564,-0.16461333785477522,-0.320609394759544,0.6105237707731748,0.7052466166619535,0.06323187296290408,0.24212544854278262,-0.8811278837398211,0.05564007686584161
1.254,70.39566116700007,0.03504391328228505,2.3259661462150514,0.3332731570242143,-0.1510586578090172,-0.31163969109655365,0.6120166080198595,0.7109835837359738,0.020212568889547602,0.23526419849435554,-0.75266716451167,-0.3292369735016674
1.274,70.41578542500065,0.034897305948840364,2.3306588519262887,0.31973030637011257,-0.1436817223388886,-0.268269727804303,0.6206686793800995,0.722604529632979,-0.044473000612469525,0.23076950381311245,-0.6009122971222962,-0.7671900779388958
1.294,70.43581495500257,0.03352087923690482,2.3357816703898338,0.3088774481345722,-0.14026238834833718,-0.20383824005685394,0.6300128903813187,0.7361115352028667,-0.08230207444064398,0.2942421345901234,-0.5170790142299048,-1.1365446324640738
1.314,70.45584725699882,0.0313375966130488,2.3427499606309268,0.2998125516879156,-0.13959161710344334,-0.14295668148496812,0.6343788598155716,0.746753660769297,-0.15882190270001817,0.3932943752416617,-0.36026856213029784,-0.9111710229416146
1.334,71.00207454200427,0.0266034894078385,2.3514200320889604,0.29679907029992597,-0.14130867279891357,-0.11943694780503387,0.6349523448354717,0.7500681264250357,-0.2649167088073635,0.4399533123664554,0.050098699561634444,-0.17379178553685543
1.354,71.34641909899801,0.021840117760232383,2.3591471654011955,0.30261954615287767,-0.12551581667147446,-0.11628061328556696,0.6347158193512605,0.7535651447648594,-0.2034750191859326,0.31092828733691263,0.4349132062372323,-0.07823709978369657
1.374,71.36666106000484,0.01843501971931602,2.3635218489042575,0.3139528550017371,-0.11755172676550926,-0.12137234854444377,0.6327337106974734,0.7557105238715809,-0.1541924263726067,0.1682657721561227,0.5769252240450937,0.07017221950050194
1.3940000000000001,71.38663731599809,0.015565571208554264,2.3663318803427793,0.32384589642692074,-0.10417631230064149,-0.1213443682335408,0.6346228791555829,0.7560930111472531,-0.14294723372852147,0.13534796490931406,0.40161126543490194,0.42195871508280747
1.416,71.40855496600125,0.012575097598809797,2.36961029905805,0.3301506039070148,-0.09063992259672812,-0.12471676365938264,0.636332464495615,0.755851260449386,-0.13117590756361414,0.17500627614094097,0.1877750044957025,0.19333893951904568
1.436,71.89831485000468,0.009725555404541463,2.373314461246546,0.3325417912218928,-0.08668493117985178,-0.13672834117433105,0.6348211523103446,0.7555085624964326,-0.14399520902789364,0.19267621436267776,0.047995141531594426,0.010798651700513398
1.456,72.20740705500066,0.006475380747256834,2.3764872049564714,0.3321191645075066,-0.08989960705345143,-0.14906455711730782,0.6329409922162844,0.7543762448773964,-0.1738798190614227,0.15064406209404546,-0.10857738189532683,-0.026858939111768364
1.476,72.22736232799798,0.0028609941578934322,2.37932822677023,0.3282496573563279,-0.09298113351657739,-0.1593209109394879,0.6307344273026324,0.7537542294160642,-0.18817784598624196,0.1119505311676887,-0.24354249393609698,-0.11006913422726304
1.496,72.24759203500435,-0.0007837810779264213,2.382294776618355,0.3211881881043116,-0.09945926446615758,-0.1752711005620222,0.6265220291437449,0.7528997562871387,-0.17620368408530318,0.17348116715399722,-0.3864935529297472,-0.5302824712900276
1.516,72.71901629499916,-0.003476171635465437,2.3857806712369944,0.31458032276400744,-0.10547618106587678,-0.1825556743500786,0.6232191854885016,0.7530909957165836,-0.08291518161259598,0.20975539184268735,-0.3312579125687334,-0.17923931451096933
1.536,73.03045620000194,-0.0043109599881894205,2.391577189456484,0.308222787495773,-0.1005717205781071,-0.18902262908961157,0.6198539186448878,0.754941649568089,-0.006527857690112137,0.34265728052661737,-0.3148784943587099,-0.07005321648333504
1.556,73.04997240700322,-0.003872638354306618,2.398955589333038,0.3029564518969856,-0.09065200373133502,-0.18543038495927575,0.620171779276451,0.7568254427161059,0.04551969083045564,0.3826619231755803,-0.24211838105548766,0.2663195018310415
1.576,73.07022543800122,-0.0023991757446930463,2.4064478957833333,0.29975474514923495,-0.08326720212054581,-0.1668666752584771,0.62447227942126,0.7584566289337932,0.09743925965540434,0.3762499132165268,-0.11256542827380948,0.2400851636368175
1.596,73.09015185200406,9.665223904535818e-05,2.4142008504879504,0.299013137985335,-0.0792875690523587,-0.13697886414639454,0.6304586389738853,0.7599159010799333,0.14166237361162282,0.39623599139515536,0.04591316072212435,0.06191411067899049
1.616,73.11013021899998,0.0031093743783495997,2.422904144301362,0.3014845426716135,-0.07830058200571854,-0.11376368452140842,0.6346054045951102,0.7603964909179657,0.15735770907136262,0.45705639401963616,0.20805515763751403,0.03372024479094862
1.6360000000000001,73.61461095300183,0.006389360944051387,2.433071480704289,0.3064376782239359,-0.07247174689865206,-0.09997568653932014,0.6370449704741801,0.7608721401102817,0.1745215689644295,0.538033613568057,0.28682161016877794,0.11604166227944618
1.6560000000000001,73.93309346299793,0.010312499287337658,2.444883551806964,0.31194182277489013,-0.06086523865806338,-0.08957431132125906,0.6390738117726594,0.7614831111592578,0.21301704140552083,0.6165428268503669,0.2810901353255939,0.14299553298736314
1.6760000000000002,73.95292642400454,0.015155274716329409,2.4578609398731,0.31698584521015394,-0.04989454205880026,-0.08041451699422371,0.6407646751765862,0.7618823210806065,0.2595217209653196,0.6661195465970384,0.23434397708109153,0.12507778314468918
1.698,73.97506138699828,0.021248392159323993,2.472833065891025,0.32106086813687656,-0.04041849526182985,-0.06980056037273047,0.642153125297539,0.7623211860384215,0.28655438164934643,0.6889668203776536,0.14411467886077223,0.059912459480198875
1.718,73.99520264600142,0.027081271393936703,2.4868364881360034,0.32269185090499963,-0.03436519545903438,-0.06198156406568668,0.6426866441993446,0.7628441494989778,0.2901876748466973,0.7041320827351503,0.04289809662124858,-0.006546416697259586
1.738,74.48153740400448,0.0328081402212426,2.501159632459289,0.3224269022046646,-0.027886934341627655,-0.055372508027788606,0.6429478050771419,0.7633965707246947,0.2804359271021387,0.7237230288287135,-0.0488973969716891,0.03200896257294334
1.758,74.82382206400507,0.03815546087799691,2.5158172251115203,0.3211525030446024,-0.022218714896296208,-0.04917314408588693,0.6432176241548857,0.7637796924412235,0.24880752592113511,0.7416420295392002,-0.06786971331129353,0.016188110959095732
1.778,74.8439368449981,0.04285106685211607,2.530709408306816,0.32010495223638513,-0.012005686754638499,-0.04126831872814023,0.6433851020143099,0.7643352666604741,0.23253283379681605,0.7222915916465218,-0.03299826282188266,-0.030652381807658755
1.798,74.86388065200299,0.04796724552273426,2.543849175394357,0.3210050192770035,-0.004507551735797775,-0.03420722488776145,0.6428715385976125,0.7651965320125056,0.27810224018562796,0.6127499089795215,0.07728830063716531,-0.08950399924686628
1.818,74.88397312600137,0.053978301519430345,2.55529245322149,0.3231291492046532,2.049185534726195e-06,-0.03102693448901153,0.6426871135569782,0.7655002308293677,0.3149840319223101,0.5425496373841491,0.10623903767536935,0.05205604792851719
1.838,75.42647538099845,0.060536435355669195,2.5654981148964775,0.3248072068914932,0.005104812063684269,-0.026776539967567615,0.6438173464099903,0.7646935217868385,0.3312630564446724,0.48256496045245095,0.0688199324395367,0.2532254494480758
1.858,75.74508361900371,0.06720315474080438,2.574650872211628,0.3248952244561773,0.011399444740454219,-0.01712061895327641,0.645897999785065,0.7631465854866404,0.32700174906099744,0.44396815533216044,-0.042745738470608224,0.274816614886024
1.8780000000000001,75.76518300900352,0.07376391777943969,2.58342011271501,0.32235212588747925,0.015310778092450043,-0.004606627707049043,0.6470666476355567,0.7622657755488269,0.3269366034480039,0.4277964364133451,-0.1679044121493394,0.11546493174049849
1.8980000000000001,75.7852416349997,0.07995643839080008,2.591549110980797,0.31886188103736995,0.013837601529325536,0.005008197479996217,0.6474137016346996,0.7619966782588841,0.2800130706582156,0.38742043348958893,-0.1544847645202789,0.06396366783155732
1.9180000000000001,76.27430108800036,0.08461287186636922,2.5988242045878818,0.31699037850294337,0.010841910099269835,0.011878670047969626,0.6479562648714925,0.7615077340362836,0.1917566708939196,0.3584165419811901,-0.07394988015131565,0.12028839265356524
1.94,76.62070092400245,0.0879500097517834,2.6065785267091095,0.31677841490715236,0.009245844864110517,0.015913729578196197,0.648479141102691,0.761009902115851,0.1177263313990224,0.3524426875265439,0.0027414219424058074,0.03639311708369078
1.96,76.64070987200103,0.08987540665906672,2.61350472594689,0.31709360501507217,0.009021590624208537,0.019332010990422987,0.6482870920621941,0.7610970572267505,0.0738422310508585,0.3420769591229397,0.016757136802880816,-0.07004863017335897
1.98,76.66075760200329,0.09086950064994737,2.620213464188651,0.3169631491818315,0.010529573854386774,0.024655498015944948,0.6471667540738615,0.7618769106053371,0.031111825130680094,0.3275339170964854,-0.013042690927961178,-0.19910110318912713
2.0,76.68072165200283,0.09100858661604008,2.626597049156828,0.31616676550244843,0.010096698101078197,0.02883208103578067,0.6454307869471503,0.7632076172650428,-0.010750209169727427,0.3157314043177723,-0.07207221706507409,-0.1835877246795485
2.02,76.700728789001,0.09026706286009223,2.6327396649343093,0.31490871446554125,0.006979892571102044,0.030916689958270342,0.643759607778002,0.7645711260407584,-0.05717682534157963,0.3099543928153037,-0.08993378025168884,-0.1387885721353542
