sim_time_s,x,y,z,qx,qy,qz,qw
45.73,-0.2790978613646099,1.932002237920156,0.12032401534411856,-0.014374687534996542,0.021870864913464443,0.5336687758531774,0.8452885136481978
45.78,-0.2791156369739519,1.931992437005529,0.12031700676956503,-0.014482658898464172,0.021889636405586693,0.5336322779889635,0.8453092264358479
45.83,-0.27912990159050477,1.931990890837818,0.12031558188806728,-0.014381714383541437,0.021814878914090643,0.5336854068409116,0.8452793407355965
45.88,-0.2792180653162737,1.9319979275830474,0.1203009253414789,-0.014395293654294743,0.02186136334897042,0.5336789093983647,0.8452820109149981
45.932,-0.2791848713189151,1.9319942837076272,0.12030727257559214,-0.014406310397527015,0.021803343653519214,0.5337218724576652,0.8452561950595455
45.98,-0.2792664489216248,1.9319940266516487,0.12027484778993594,-0.014487187773696331,0.021812302678947952,0.5337110708656643,0.8452614019802854
46.032,-0.27924567057252936,1.931986585524254,0.1202780893570936,-0.014325020164378975,0.021913583522641212,0.5337400318515432,0.8452432590997695
46.082,-0.2792987090899712,1.9319822586128694,0.12031989040700622,-0.014358070921335493,0.02183565671844763,0.5337499211570836,0.8452384702318625
46.13,-0.27936615858390756,1.9319380801569943,0.12036440746459864,-0.014308185164312665,0.021853348686605753,0.5336959797198076,0.8452729193694779
46.182,-0.2793572083402003,1.931917729027198,0.12037420011266425,-0.014301257506587794,0.021755713290941756,0.5337387131053041,0.8452485723771598
46.23,-0.2794467991726883,1.931927268248895,0.12035154821212647,-0.014318424237238633,0.021804494877233956,0.5337157028293165,0.8452615543628612
46.28,-0.27940656131580777,1.9319312426594497,0.12034514884100962,-0.014337630210882215,0.0217654699680714,0.5337641160562132,0.8452316635619697
46.33,-0.2794707302974439,1.9319412438466446,0.12033671612702564,-0.014371751341987869,0.021841321990746444,0.5337938193784937,0.8452103689676203
46.38,-0.27946812872680477,1.931928871752192,0.12031733180866398,-0.014581818833426744,0.021774015209003045,0.533784928119831,0.8452141227720312
46.43,-0.2794991773290068,1.9319328077421647,0.12032440244146012,-0.014380264453117726,0.02180345340228321,0.5338113908539893,0.8452001043590343
46.48,-0.2795725361978249,1.9319403454210455,0.12031184129887977,-0.01440588413120415,0.021861556795044004,0.5338006500533851,0.8452049507897353
46.532,-0.2795504377936479,1.9319356661386617,0.1203140517353331,-0.014403362017220657,0.021792799777398984,0.5338473630890289,0.8451772654084786
46.58,-0.27964232713183484,1.9319621216350238,0.12026303709174882,-0.014571921370810504,0.02158526702898355,0.5337256922882567,0.8452565413803502
46.63,-0.2796010056273354,1.9319383111966781,0.12030552476818562,-0.014420953117823123,0.02179354260345578,0.5338832625751792,0.8451542696774639
46.68,-0.2796683508494054,1.931949992960612,0.12029265798655225,-0.014020590282616553,0.02219721824993245,0.5339066883092923,0.8451357019607538
46.73,-0.2797006882031914,1.9318808865067645,0.12036758680864536,-0.014416648757799425,0.021842418387349002,0.5338170360538498,0.8451949130326502
46.78,-0.27972152613954854,1.9318619640838928,0.12037766928802407,-0.014301726621670683,0.02175808737168637,0.5338629540978127,0.84517003762055
46.83,-0.2798123157529731,1.9318727642597744,0.12035511514385222,-0.014320337145379298,0.021803100170699106,0.5338529009368946,0.8451749126235655
46.88,-0.2797713573586005,1.9318747143368953,0.12034895223462251,-0.014338801996891944,0.021761303928191235,0.5338906475797977,0.8451518330072195
46.93,-0.2798530610798566,1.9318809875063367,0.1203072965444139,-0.014427443096840195,0.021780765517286502,0.5338780015792317,0.8451578116357527
46.98,-0.27982616694982215,1.9318851008333293,0.12027609150666146,-0.013649628230604652,0.022131106214714678,0.5339386604093542,0.8451233097644056
47.03,-0.2798698435251956,1.9318822050373436,0.12032711751939401,-0.014390960227053063,0.021818248554510603,0.5339439464612897,0.8451158064615172
47.08,-0.27991104571936154,1.9318826708282237,0.12031914340506496,-0.014461479134946845,0.021884149587486527,0.5339105861053741,0.8451339749783332
47.13,-0.2799127463577327,1.9318790573155644,0.12031652424408029,-0.014401055937867696,0.021795852515828912,0.5339719431166394,0.8450985234664791
47.18,-0.2800016382777752,1.9318861802900205,0.12030121415426417,-0.014413849737698345,0.02184324969851831,0.533964095058148,0.8451020403283147
47.23,-0.2799656273141936,1.9318830714439235,0.12030749637415004,-0.014423194233457427,0.021790693285365165,0.5340102198428875,0.8450740927620477
47.28,-0.28002156633989905,1.9318992840451463,0.12026442975111148,-0.014230368575717547,0.022158055955479428,0.5340260926255739,0.8450577788302616
47.33,-0.28004260216787774,1.9318286989016884,0.1203413564022397,-0.01421412311882847,0.02187341412985769,0.5339633815299821,0.8451050938453354
47.38,-0.2800901160861026,1.9318113852271162,0.12037952809408413,-0.014311180464362886,0.021769579355098677,0.5339933242189943,0.8450872175213436
47.43,-0.28016844734082197,1.9318180981140716,0.12035935469831265,-0.014317530816599422,0.021817605193537842,0.5339824136803619,0.8450927654968001
47.48,-0.28013487210300697,1.9318183811074918,0.12035195155689733,-0.014338503434883852,0.021760838860363414,0.5340164219866133,0.8450723840358035
47.53,-0.28022668923011845,1.931851250529736,0.12029228255441912,-0.014516600488107143,0.02155783018415165,0.533893045545604,0.845152497592038
47.58,-0.280185106178095,1.9318303711366203,0.12032884700415097,-0.014373028479092699,0.02177159966036152,0.5340458745239774,0.8450529080504298
47.63,-0.2802490762853094,1.931836208697108,0.12032592546647403,-0.014401462458928288,0.0218436525277334,0.534077621516395,0.8450305005848501
47.68,-0.2802471826930872,1.931822056994058,0.12030951716926964,-0.014608403016245563,0.021774548467494145,0.5340702215739472,0.8450334088237617
47.73,-0.2802777263336235,1.9318252811922694,0.12031804895691979,-0.01440350456703379,0.02180253244756593,0.5340988533041513,0.8450181084061165
47.78,-0.2803578992075173,1.9318326673003041,0.1203043294426172,-0.01441427183648285,0.021857204860438406,0.534091660605658,0.8450210585746389
47.83,-0.2803290681307984,1.9318278299932958,0.12030919331207464,-0.014423875544774126,0.021790137654635267,0.5341364763373804,0.8449942996027536
47.88,-0.2804094483173954,1.931824265918414,0.12025209218545893,-0.015046776826116555,0.021334725994769127,0.5341041175535064,0.8450155120388403
47.93,-0.2803738116509069,1.9317997878032858,0.12032285068854383,-0.01399825717056442,0.021800649390584542,0.5342114777455206,0.8449537724202922
47.98,-0.2804659644624819,1.9317661862683349,0.12037986758046555,-0.014327764499218354,0.021791924780696265,0.5341319866492013,0.8449987266363098
48.03,-0.280510023049057,1.931761879982532,0.12036881365964791,-0.014359028366220643,0.021841447695213935,0.5340946148037059,0.8450205393389183
48.08,-0.28049813633873727,1.9317624397883935,0.12035479384353365,-0.01433714760800643,0.021762846282597073,0.5341419194972047,0.8449930381701308
48.13,-0.28058584411812676,1.9317756300388924,0.12033082435896682,-0.014357296208279188,0.021816690393507997,0.5341318438237105,0.8449976766118029
48.18,-0.2805497018932714,1.9317756479148362,0.12033083665299849,-0.014375641257055751,0.021769067964807497,0.5341728694878778,0.8449726588011465
48.23,-0.2806311767942486,1.9317773748770735,0.12029496336467468,-0.014458934880694174,0.021784998479370446,0.5341617480280446,0.8449778576903619
48.282,-0.280601582428626,1.9317751459301904,0.12028072786564574,-0.014503048508611801,0.021671307591143604,0.5342415800110973,0.8449295533939462
48.33,-0.2806481203969303,1.9317757897922416,0.12031991287461695,-0.014415362107508774,0.02181836733627438,0.5342312619991902,0.8449337931961542
48.38,-0.2806997973314381,1.9317775492799492,0.12031246475600622,-0.014459408691342294,0.021880504968963668,0.5342018774968782,0.84495001217907
48.43,-0.2806917616272914,1.9317727982454647,0.1203107030530761,-0.014423294757373344,0.02179194479500045,0.5342620910977418,0.8449148464349896
48.48,-0.2807805955696043,1.931778921806124,0.12029600135932413,-0.01443357425367368,0.02183921998126057,0.5342518745614951,0.8449199103657117
48.53,-0.2807771493937701,1.931743594677949,0.12031155678394749,-0.013934687459634328,0.021922677826500224,0.5343091950436638,0.8448898773059776
48.58,-0.2808888240305892,1.931711097613123,0.12036761508572275,-0.014282647793514736,0.02189677504207188,0.5342043599751292,0.8449510275739808
48.63,-0.2809380969838303,1.9317017577576963,0.12036230238700764,-0.014290859690699242,0.0218923449627597,0.5341783393813735,0.844967453986892
48.68,-0.2809187643526764,1.9316957790743878,0.1203543084252107,-0.014303702624802251,0.021803744254522646,0.5342064328852771,0.8449517666066464
48.73,-0.2810128748249442,1.9317081074928235,0.12033057901207735,-0.01433307584211007,0.021837835405299218,0.5341809149797913,0.844966521202508
48.78,-0.2809717422403379,1.9317076449588158,0.12033020123756201,-0.014350070527367677,0.02179403592985897,0.5342278414248747,0.8449376952889878
48.832,-0.2810316184741444,1.9317118582120176,0.12032723121579804,-0.01438868069447807,0.021844257974477085,0.534252597716077,0.8449200885853292
48.88,-0.28105514746352367,1.9317050179044342,0.12031909790236729,-0.014493644503129899,0.021877231012227907,0.5342152677550056,0.8449410445289673
48.93,-0.28106929120356866,1.9317036621045938,0.12031752944053423,-0.01439368230940181,0.021802389219522766,0.534267899912876,0.8449114088805889
48.98,-0.28115770462216944,1.9317108488737813,0.12030274813651075,-0.014407122562595468,0.021849159850336614,0.5342618004736883,0.8449138284984533
49.03,-0.2811238857714505,1.9317068532414932,0.12030941241254867,-0.014418207650316728,0.021791433577572385,0.5343037181101952,0.8448886231476951
49.08,-0.2812060532805089,1.9317073009613326,0.12027638762798404,-0.014499548700474452,0.02180020459968612,0.5342937902769321,0.844893283106455
49.132,-0.2812025686659736,1.9316533698751812,0.12034282459224203,-0.014213460085980737,0.02187095529969764,0.5342552012008542,0.8449207174975045
49.182,-0.2812507410003465,1.9316363948377473,0.1203808162166612,-0.014312423528411881,0.02176595818926031,0.5342835670360795,0.8449038215039922
49.23,-0.2813229204452556,1.931642832545134,0.12036301276844154,-0.014334023816240115,0.02181501585381409,0.534270358051855,0.8449105428101108
49.28,-0.2812952465871704,1.9316427127115487,0.12035395389163012,-0.014339978130553453,0.021757634026993874,0.5343046448377834,0.8448902395539512
49.33,-0.28138252081489495,1.9316541524849196,0.12033058877196921,-0.014357728915971193,0.02181187835856475,0.5342870164524632,0.8448996873198451
49.38,-0.28134636864203877,1.9316553341244591,0.12033046250614973,-0.014376900036546417,0.02176638770340764,0.5343340579608419,0.8448707851587626
49.43,-0.2814166791460386,1.9316633468731617,0.12032397108790988,-0.014414773798590226,0.02184513405807723,0.5343602050979299,0.8448515701719554
49.48,-0.28140635869786196,1.9316500001996333,0.12029579665470824,-0.014303191785203567,0.02188679124897717,0.5343479344220122,0.8448601494049226
49.53,-0.2814403136194867,1.9316516998918574,0.12031947042565974,-0.014410654855939106,0.021801512715926244,0.5343873267977486,0.8448356124287593
49.58,-0.281505200063957,1.9316581986413153,0.120309878721344,-0.014431209327874766,0.021872580510229306,0.5343688209797605,0.8448451299403101
49.632,-0.28148939513682814,1.9316528550472607,0.1203103704105322,-0.014427271015077818,0.02178641295399217,0.5344239502070152,0.8448125516981773
49.68,-0.2815767281965979,1.9316574347823647,0.1202963049656592,-0.014434684677000195,0.021836119053815935,0.5344089468878515,0.8448206326014776
49.73,-0.2816011366509441,1.93160883639774,0.12030095444661484,-0.01353676608934976,0.022232818281544494,0.5343838433574248,0.8448410298474202
49.78,-0.2816790800895406,1.9315876184272984,0.12037123794451755,-0.014287697180745601,0.02187763424540047,0.5343692024377471,0.8448471970215334
49.832,-0.2817495647687663,1.9315812693298244,0.12035697444889244,-0.014285158270138402,0.021866159764432437,0.5343456108552437,0.8448624583150146
49.88,-0.28171548771357935,1.9315753163569351,0.12035396593224448,-0.014308034941654993,0.02179842693369317,0.5343661476211213,0.8448508323934392
49.93,-0.2818085200178144,1.9315868276063122,0.1203304894048577,-0.014335847554727553,0.02183459140092509,0.5343370104359668,0.8448678555677188
49.98,-0.28174789469455974,1.931599764885394,0.12029145074469806,-0.014033304830263856,0.021832081724265706,0.5344924311797673,0.8447746845015349
50.032,-0.28182311107255487,1.9315881620757118,0.12032813883959662,-0.014395529258792696,0.021829017895338736,0.5344092544202127,0.8448212896850532
50.08,-0.2818620536692799,1.931586664359467,0.12032021452530517,-0.014453190025919457,0.021890933574487986,0.5343714542293588,0.8448426132896663
50.13,-0.28186622102778053,1.9315832337576953,0.120317510115001,-0.014398175336046265,0.02179670600491522,0.5344274177836879,0.8448105889934071
50.18,-0.2819559942556384,1.9315900655421325,0.12030256835877791,-0.014410798623612353,0.02184286596413339,0.5344189015503445,0.8448145688582944
50.23,-0.28192080613155085,1.931586649078143,0.12030925165596074,-0.014422336277230675,0.021787821575837665,0.5344631117579269,0.8447878249698677
50.282,-0.28198471263046676,1.9315835397619279,0.12027260748940567,-0.01469880420448414,0.021922022531056105,0.5345098847379004,0.8447499944957577
50.33,-0.2820629093896975,1.9315279144960473,0.12035912849853289,-0.014359070170673685,0.02194891481250387,0.5343654740621367,0.8448464963368998
50.38,-0.28209336750342945,1.9315079078138389,0.1203740737793411,-0.014265824573210132,0.021838750800039414,0.5343955720027671,0.8448318932406468
50.43,-0.2821924395982421,1.9315123302956196,0.12035379393378039,-0.01429144215250533,0.021837694422314227,0.5343656116043711,0.8448504381949539
50.48,-0.28214871346195847,1.9315131084558657,0.12035206001785693,-0.01430976460971867,0.021791146490441986,0.534411965274063,0.8448220096229503
50.53,-0.28222279499645714,1.9315264351446775,0.12033903640232209,-0.01436389336362601,0.021858013425775744,0.5344227551966059,0.844812538108062
50.58,-0.28223363311311056,1.9315172890215775,0.12033088686169477,-0.014468296949121178,0.021871031971905926,0.5343910970858375,0.844830445532872
50.63,-0.28224443987035075,1.931516513379157,0.12032673757966127,-0.014371179450817876,0.02180265812726154,0.5344384690383195,0.8448039039396986
50.68,-0.28233412469587416,1.9315252202215658,0.12031015260026211,-0.014388864277200642,0.021845735119954347,0.5344311840467469,0.8448070986682542
50.73,-0.28230118578429275,1.9315215507763952,0.1203158029898131,-0.014403709200589372,0.021787044800400626,0.5344702321005624,0.8447836580086651
50.78,-0.28238420210960985,1.9315222702007795,0.12028224043539391,-0.014486572817180087,0.021795888647298586,0.5344592830222056,0.8447889400539506
50.83,-0.2823551868511417,1.9315190853535655,0.12027045401261978,-0.01452820556543182,0.021679044368996862,0.5345401626818719,0.844740057507831
50.882,-0.2824171887922392,1.9315116187590782,0.12032584411729955,-0.014363574590393013,0.021818198615779213,0.534494928308825,0.8447679122376114
50.93,-0.282484870299135,1.9314684003448357,0.12036933063214476,-0.014315362162425994,0.021836912145881373,0.5344405260300246,0.8448026656035375
50.98,-0.28247521801773884,1.9314484855945635,0.12037876171052535,-0.014311340656494352,0.021740890427182608,0.5344800222026574,0.8447802229445798
51.03,-0.2825657279869633,1.9314590522893893,0.12035509657947292,-0.014329704597705103,0.02178895683813196,0.5344582733722821,0.8447924330567643
51.08,-0.28252533693636755,1.9314633170163988,0.12034839994975186,-0.014350236179932876,0.021749704674929676,0.5345056954460499,0.8447630925909749
51.13,-0.2825898757140201,1.9314735487856982,0.12033975636597008,-0.014385135712107379,0.021825443752816285,0.5345352483888203,0.8447418458354239
51.18,-0.28258723880397424,1.931461398669378,0.12032021309463464,-0.014594961266198619,0.02175835597360794,0.5345260745348681,0.8447457822879666
51.23,-0.2826183231373039,1.9314655725222125,0.12032710064333456,-0.014394741588134884,0.021787714679913982,0.5345519364815338,0.8447320960561874
51.282,-0.2826981871973197,1.931473448006359,0.12031210351214608,-0.014405659350238383,0.0218440863746859,0.5345448984290591,0.8447349077862278
51.33,-0.28266890722631305,1.93146822005514,0.12031682614481541,-0.014417470151510804,0.021778387220108403,0.5345867785078408,0.8447098996987842
51.38,-0.2827558183921307,1.9314731036223474,0.12030188989645003,-0.014424938667789773,0.02182953226656157,0.5345719580882469,0.8447178311668052
51.43,-0.28271957470675535,1.9314713122994838,0.12030794881658013,-0.014435807496737493,0.021778747595079976,0.5346237507434987,0.8446861776755082
51.48,-0.28280125573371645,1.9314707355485945,0.1202828551477723,-0.013937197723673135,0.02235286780155361,0.5345935698159758,0.8446986556944843
51.53,-0.2828820049373311,1.9314128195802445,0.12035973915096891,-0.014294209416616209,0.021951653077714448,0.53452567012168,0.8447461799175411
51.58,-0.2828891310397104,1.9313893364205432,0.12037248669742304,-0.014270772272305976,0.02181783425854453,0.5345566139382045,0.8447304621368524
51.63,-0.28298873104867767,1.9313968448243437,0.12035209071974041,-0.014299910426090625,0.021833960620151034,0.5345266849298096,0.8447484914596719
51.68,-0.28292612288459873,1.9314088606632527,0.1203101827228869,-0.014000734270250965,0.021828498637810893,0.5346734469567853,0.8446607610197497
51.73,-0.28301244097779826,1.9314061486274094,0.12034005506132811,-0.014364371922426945,0.021849276840911175,0.5345863782786783,0.8447092269412532
51.78,-0.2830402633025738,1.9314010197688845,0.12033016510893467,-0.014430674099510201,0.021886917288027056,0.5345462103339355,0.8447325420003002
51.83,-0.28304074034365306,1.9313976375145387,0.12032524761752596,-0.014377700295218768,0.021797967238747183,0.5345970634691495,0.8447035634402412
51.88,-0.28313229837247395,1.931406089575674,0.12030883009852099,-0.014395092268164999,0.02184058489640609,0.534587369544722,0.844708301423177
51.93,-0.2830979649829705,1.9314028604285252,0.12031473063730774,-0.014409893144327075,0.02178446235454074,0.5346290482669726,0.8446831198317176
51.982,-0.28316955991115716,1.931410224610355,0.1203102499909263,-0.014446132226676005,0.021855885629463914,0.534655874433085,0.8446636759451861
52.03,-0.28315991902534393,1.9313958632376802,0.12028449894615548,-0.014332172625420334,0.021894658295722264,0.5346449741631427,0.8446715127006719
52.082,-0.28324100019776516,1.9313715143769077,0.12032214249243105,-0.014291533829791979,0.02192004424687312,0.5345953667019089,0.8447029404600523
52.13,-0.2833486472904456,1.9313407252801151,0.12035462271651079,-0.014250386668529616,0.021896313275303246,0.5345722688756795,0.8447188687923666
52.18,-0.28332078258262117,1.9313218421695866,0.12037186148885949,-0.014268760811220789,0.021809488963206836,0.5345942386688207,0.8447069010243612
52.23,-0.28341496097545077,1.9313243970153495,0.12031020282659434,-0.014208342140445968,0.021823133769499504,0.5345124033328611,0.8447593530286762
52.28,-0.2834125446890828,1.93132728705108,0.12034901832591771,-0.014435961336650186,0.021867038804486854,0.5345744117161156,0.8447151200094496
52.33,-0.2834229378916977,1.9313295908549635,0.12033992892425334,-0.014346789304083389,0.02180115494255306,0.534613436788203,0.8446936441606159
52.38,-0.2835128519894503,1.9313402005896394,0.12031993780900571,-0.01436829767017569,0.021840429453101988,0.5346044157014583,0.8446979734649941
52.43,-0.2834756281143484,1.931336220518129,0.1203235047345351,-0.014383464473131623,0.021786196008723575,0.5346402659222046,0.8446764254244664
52.48,-0.28356104350711775,1.9313385450208305,0.12028843946832453,-0.01447123989818402,0.02179296447313739,0.5346273912963891,0.844682900496334
52.53,-0.28353240238305205,1.9313354983199456,0.12027610014408185,-0.0145149992770541,0.02167588351193525,0.5347062722620237,0.8446352308977022
52.582,-0.28357580772174235,1.9313331593369711,0.12031493510063875,-0.014421187449084067,0.021804976498505952,0.5346909887805358,0.8446431902699216
52.63,-0.283641562535062,1.9313392613606997,0.12030644981729229,-0.014441696339466173,0.021874356818383782,0.5346723749093011,0.8446528289359295
52.68,-0.28367809167881813,1.9312982992270236,0.12034012116239802,-0.01426989668180585,0.021887750264765127,0.5346258879724604,0.8446848266345834
52.732,-0.2837857479104597,1.9312691407610247,0.12035946189908685,-0.014256395335414328,0.02186974773774279,0.5345836063800049,0.8447122806705699
52.78,-0.28377087451920135,1.9312500044171554,0.12036121904980032,-0.014489997018701644,0.02179440378070935,0.5346298151897357,0.8446810076356818
52.83,-0.2838124298943352,1.9312622214625594,0.12036263881433724,-0.014330670637119692,0.02181906889769865,0.5346443668013822,0.8446738785821881
52.88,-0.28389345320202436,1.93127117203689,0.12033745939295518,-0.014336372603615768,0.02184105580456012,0.5346268405794398,0.8446843067288269
52.93,-0.2838555857540191,1.9312680517712113,0.12033616928563555,-0.014352820930434862,0.021786292087385927,0.5346549094464991,0.8446676753689453
52.98,-0.2839393916862852,1.931267906811151,0.12027468006936096,-0.014985877675344686,0.02132607511878122,0.5346137637494017,0.8446944687873992
53.032,-0.28391115929845895,1.9312706931086498,0.1202832191061007,-0.014491818544593499,0.021677656314619882,0.5347179836448978,0.8446281693021556
53.082,-0.28395835077755355,1.931270518912887,0.12032120967700395,-0.014407586648785798,0.02180999739056858,0.5347002203320895,0.8446374487539587
53.132,-0.28402255373217394,1.9312755330769928,0.12031167189544731,-0.014424611583808538,0.021873930042945775,0.5346794622517509,0.8446486455392628
53.18,-0.2840064182206835,1.931268841918688,0.1203130928042293,-0.014421404655043378,0.021788045922311487,0.5347298735875283,0.8446190066744467
53.23,-0.28409596018564137,1.9312750008388184,0.12029844357311133,-0.014432310259061838,0.021834504079371226,0.5347190251629619,0.8446244887409824
53.28,-0.2840932649672087,1.9312395805357732,0.12031378281247525,-0.013936963103870017,0.02191622081935001,0.5347742481323428,0.8445957280610212
53.33,-0.2842105626989567,1.9312064564369076,0.12035989200880061,-0.014215565395484056,0.021927535487525036,0.5346444063993121,0.8446729897385482
53.38,-0.2842625700015889,1.9311975345245422,0.12036155051316622,-0.014301690546200875,0.021861928574761432,0.53464785119598,0.8446710560555714
53.43,-0.28423415974916555,1.9311941716626555,0.1203576701629236,-0.014306859276033446,0.02179563617246267,0.5346779369499076,0.8446536377477363
53.48,-0.2843291650260124,1.9312070631858138,0.12033331072210397,-0.014339386254734578,0.02182608741742631,0.5346467634114913,0.8446720323791368
53.53,-0.2842685105474029,1.9312204096152599,0.12029378615562672,-0.014037730266998684,0.021823721130168592,0.5348013482982845,0.8445792947872455
53.58,-0.284348715170447,1.931211807246502,0.12032959928667504,-0.014396775768605376,0.021833171094222427,0.5347205922610271,0.8446241375306862
53.63,-0.28438257533500577,1.9312077871224234,0.12032192966340449,-0.014457764037149054,0.021883424212302795,0.5346806088955471,0.844647106947557
53.68,-0.2843865850353051,1.931204565847448,0.12031902589632525,-0.014403500791538402,0.021789435597687225,0.5347362369357073,0.8446152476537003
53.732,-0.2844771442141083,1.9312114359019963,0.12030361620579587,-0.014416752387824175,0.02183366532240325,0.5347253114217386,0.8446207963542586
53.78,-0.2844411171277667,1.9312083020954822,0.12031046015390769,-0.014428180219077413,0.021780852347235286,0.5347717974801196,0.8445925329450148
53.83,-0.28451730560044874,1.9312099905154994,0.12024735058638704,-0.013721105103102689,0.022614618907036865,0.5347240908899316,0.8446126075949705
53.88,-0.2845831915482193,1.9311497049699915,0.12035998023931065,-0.0143651939948965,0.021942732630824247,0.5346739929616956,0.8446513357217745
53.93,-0.28461356476370886,1.9311298566698811,0.12037484836567039,-0.014272498079687774,0.02183253380616937,0.5347038811316936,0.8446368425358153
53.982,-0.28471265109608923,1.9311341649435942,0.12035402833811068,-0.014298692696832942,0.02182962949312406,0.5346701686757971,0.8446578155629351
54.03,-0.28466893306422564,1.9311352429703679,0.12035277661105229,-0.014316662399387264,0.021784887990070233,0.5347202147739831,0.8446269849732883
54.08,-0.28474311156833304,1.9311486468925327,0.12033971352503375,-0.014370959412980017,0.021851649572222583,0.5347310799746785,0.8446174595908122
54.132,-0.28476438977640706,1.9311422309696213,0.12033212819963678,-0.014431096524983372,0.02188179388289944,0.5346964673320115,0.8446375662804848
54.18,-0.2847646833080934,1.9311389054138814,0.12032738222354748,-0.014378309450146344,0.02179639980155816,0.5347466518735452,0.8446089032700758
54.232,-0.2848562598357467,1.9311477085898956,0.1203102540134185,-0.014396230208287758,0.02183630011726663,0.5347375104183693,0.84461335503563
54.28,-0.2848214526393592,1.931144076272349,0.12031642378309179,-0.014410946127247139,0.02178073106646181,0.5347783990273367,0.8445886503616343
54.33,-0.28490457195494073,1.9311448616871882,0.12028281901996875,-0.014493702067016407,0.021789632100873504,0.5347676438164669,0.8445938145998263
54.38,-0.28487544548460514,1.9311417634099417,0.12027102498415736,-0.014535389082901648,0.021672813660784513,0.5348483221113568,0.8445450159387006
54.43,-0.2849616848893239,1.9311212360318974,0.12031660409289155,-0.014292445818446915,0.02196726497107795,0.5347616930382411,0.8445964106726309
54.48,-0.2850684232731525,1.9310837814691286,0.12035513583232606,-0.014255030299882232,0.021899421991304926,0.5347240092946133,0.8446226632712922
54.53,-0.2850437667714937,1.931063550934766,0.12037279388365227,-0.014270300327211294,0.021807947867393117,0.534742728237956,0.8446129211271941
54.58,-0.285133896307201,1.9310618988460129,0.12030875494475146,-0.014914376520712428,0.021322300989934848,0.5346836108285478,0.8446516188138393
54.63,-0.2851266739165887,1.931067434049681,0.12034702526410367,-0.014395399769656795,0.021886963844357888,0.5347238179986733,0.8446207265655213
54.68,-0.28514786943173515,1.931072637403484,0.12034121906841906,-0.014351686810047122,0.021802458232057245,0.53476354671325,0.8445985028446424
54.73,-0.28523369875907956,1.9310825281993909,0.12032132174639494,-0.014372105408196749,0.021841614813770213,0.534754768236739,0.8446027020419329
54.78,-0.28519879963293376,1.9310781058332724,0.12032444301593548,-0.014385742597140172,0.0217839805554169,0.5347888072588906,0.8445824058265147
54.83,-0.28528756772066455,1.9310803893379107,0.12026814444827187,-0.014313720966235146,0.021820336713689974,0.5347294155048291,0.8446202948613454
54.88,-0.2852595074058717,1.9310825351486915,0.1202628681514057,-0.01369306887228211,0.02213593298655101,0.5348381635471745,0.8445535146745644
54.93,-0.2853040118522268,1.9310787899621218,0.12031629742606793,-0.014431328003701666,0.021815904972466087,0.5348437750481602,0.8445459959969707
54.98,-0.28535613025473083,1.9310802396705053,0.1203095712699095,-0.014474068089038472,0.021877079893636457,0.534814888647118,0.8445619749963008
55.032,-0.2854018515128812,1.9310410107642275,0.1203403770756069,-0.014273406128966975,0.021884876051257295,0.5347750578135269,0.8445904093809247
55.08,-0.2855101638864673,1.9310138796716212,0.12035853504070192,-0.01425938547079381,0.021870605273981904,0.5347392350473275,0.8446136969360278
55.13,-0.28549125208393383,1.9309946579015034,0.12034713494573053,-0.014183128238148365,0.02191156421232177,0.5347685546824171,0.844595355865771
55.18,-0.2855415565125727,1.9310072402899314,0.12036245366933022,-0.014326944046716457,0.021830017318382744,0.5347939491359622,0.8445789607761509
55.23,-0.28561264173920425,1.9310136144606695,0.12033941263512814,-0.014333880016523956,0.021848626904013194,0.5347749256387248,0.844590407413071
55.28,-0.28557863060982536,1.9310101007188654,0.12033708986196477,-0.014355040344262599,0.021784671259388662,0.5348031571346544,0.8445738239098115
55.332,-0.2856632187817983,1.931010805928835,0.12027492914928982,-0.014989264095329646,0.02132306520639303,0.5347630488277211,0.8445999825127661
55.382,-0.2856381224571578,1.931017852923169,0.12027000997011214,-0.013670247479845112,0.022137419664638506,0.5348497312049441,0.8445465197456151
55.43,-0.2856883703602208,1.9310172913263337,0.12032205499470101,-0.014427566324562154,0.02181773565367771,0.5348561801028853,0.8445381568328614
55.48,-0.2857270987049838,1.9310150797293133,0.12031551946258844,-0.014483245574849715,0.02187925732542848,0.5348185760867395,0.8445594261915846
55.53,-0.28572954689233326,1.93101132050375,0.1203136958307887,-0.014423818931220524,0.0217871136223488,0.5348782195753237,0.8445250531223913
55.58,-0.28581913859232544,1.9310181863472948,0.1202989883733859,-0.014435448678264264,0.0218336052632053,0.5348708684983048,0.8445283094926641
55.63,-0.28583685539949455,1.9309710983790391,0.12035096515439914,-0.014263061979576705,0.021873602321683124,0.5348172991661247,0.8445641284692901
55.682,-0.2859343190401983,1.9309494953570374,0.12036006357601238,-0.014219214163097182,0.021924719891955567,0.5347935877882759,0.8445785570725716
55.73,-0.28597798389108686,1.9309402747392523,0.12036496511921639,-0.014298193966699272,0.021880613299687098,0.5347905459780538,0.8445802936035244
55.78,-0.2859577285815123,1.930936786029162,0.12035874924392416,-0.014309822570719891,0.021795862538791726,0.5348263509266833,0.8445596152484638
55.83,-0.2860538488007676,1.93095039712033,0.1203340450834756,-0.014343241278101444,0.02182352387820782,0.53479906085672,0.8445756151712798
55.88,-0.28601260544020646,1.930950427845762,0.12033316094418137,-0.014361470608068437,0.021779431390596182,0.5348448591506799,0.8445474416338998
55.93,-0.28607825408068543,1.9309577214561346,0.12032889774534074,-0.014397709454559983,0.021843971512194086,0.5348690363103832,0.8445298460489354
55.98,-0.28609599487335113,1.9309484597927171,0.12032141651997695,-0.014505059130681116,0.021863665784227736,0.5348326214143136,0.8445505612153629
56.03,-0.28610993860131134,1.9309474008041236,0.12031964033173491,-0.014406212694038642,0.021788927828650828,0.5348847480749022,0.8445211719884472
56.08,-0.28619859112096085,1.930954799967692,0.12030469104907819,-0.014419549919048745,0.02183608997638277,0.5348790800572769,0.8445233161208495
56.13,-0.2861644618569513,1.9309510542882626,0.12031117346287504,-0.014431311914570377,0.02177829759863055,0.5349204583074022,0.8444983992135975
56.182,-0.28624107928408693,1.9309533253552151,0.1202475841404892,-0.013724888963684685,0.0226117408961736,0.5348733949939998,0.8445180802825784
56.23,-0.28629674558920176,1.9308926429280278,0.12035638346693038,-0.01432383921854777,0.021968074291211642,0.5348227262690427,0.844557211092372
56.28,-0.2863393864897269,1.9308751567748221,0.12037541739537279,-0.014279054386433199,0.021838511331770734,0.5348547850469089,0.8445410273876969
56.33,-0.28643605707446823,1.9308777812536464,0.12035521812700022,-0.014301113257041526,0.02183109230971354,0.5348273950949083,0.8445581916151006
56.38,-0.2863920551875491,1.9308777030026034,0.12035382455636282,-0.014319047221523228,0.02178292542163799,0.5348687328265181,0.8445329524010876
56.43,-0.2864739639330785,1.9308911284391288,0.12033044384889431,-0.014302976759112813,0.021886851978525555,0.5348563022659195,0.8445384103122403
56.48,-0.2864682493803754,1.9308809677751033,0.12032899002787376,-0.014435953328242638,0.02188435019578103,0.5348483416233648,0.8445412541319399
56.53,-0.2864888405083186,1.930882567081627,0.12032819794214125,-0.01438236555400281,0.02179727869171364,0.5348958632846776,0.8445143229357606
56.58,-0.28657531697454286,1.9308910159242298,0.12031191270002796,-0.014400055241929426,0.021841006519423847,0.5348895398807686,0.8445168967933014
56.63,-0.28654463127827656,1.930886995700223,0.12031713042024673,-0.014413841347707483,0.02177843785787773,0.5349269940560013,0.8444945540690505
56.682,-0.28662830529963884,1.9308884062787364,0.12028303919702864,-0.01449726027041343,0.02178669956664999,0.5349170014198872,0.8444992426039236
56.73,-0.28660247466542177,1.9308897225045665,0.12025764986229075,-0.013713628270428333,0.02213342927609921,0.534980200389562,0.8444632809656584
56.782,-0.2866853554389885,1.9308647745309504,0.12031680468618366,-0.014296089875125994,0.021964431149682384,0.5349109150513796,0.8445019233473947
56.83,-0.28678664752661837,1.9308283556625898,0.12035573165734888,-0.014251745286903575,0.021911110791527726,0.5348723423209232,0.8445284888032422
56.88,-0.28676668461329125,1.930806645966036,0.12037330633780431,-0.014272708582261649,0.021807225224474612,0.5348909379974882,0.8445190460646238
56.93,-0.28686942510204566,1.930834980674832,0.12031579882873496,-0.014462226885756449,0.02156631281038187,0.5347440229888614,0.8446150413193917
56.98,-0.2868401221416739,1.9308077493093658,0.1203416523666515,-0.014540673407831857,0.021772533950831542,0.5349028390440638,0.8445078320328397
57.03,-0.2868734205634875,1.9308173729130047,0.12034236838207288,-0.014358841088803819,0.02180494435861499,0.5349143554103398,0.8445028125826729
57.082,-0.28695740285283905,1.9308261960703248,0.12032155837390514,-0.01437563161136098,0.02183871464298608,0.5349041406644428,0.844508124329512
57.13,-0.2869217305064645,1.9308210854790118,0.12032522327873757,-0.014388185950752105,0.021782181707161705,0.5349371990777717,0.8444884307721162
57.18,-0.2870059892262765,1.930819587199573,0.120266221369501,-0.015017295757209604,0.021322483119837542,0.5349013593015136,0.8445119113186846
57.232,-0.28698315661395507,1.9308262951830641,0.12026311907556071,-0.013696805861073085,0.022133079377829677,0.534987431994493,0.8444589817832461
57.28,-0.2870313252629309,1.9308247137473376,0.12031654638661221,-0.014449169973447785,0.02181490789748414,0.5349973260170537,0.8444484545755917
57.332,-0.2870798138803925,1.9308240785308792,0.12030980107283186,-0.014477565955273369,0.02187415518184789,0.5349642858543323,0.8444673672081445
57.38,-0.2871232589319151,1.930787452022329,0.12033439948504542,-0.014282030995839991,0.021890916665218727,0.5349234142880721,0.8444961528654717
57.43,-0.2872336187401521,1.9307587401443662,0.12035807203543297,-0.01426209329751128,0.021870920737142918,0.5348924878942594,0.8445165965895357
57.48,-0.287205559152024,1.9307418421866207,0.12033333309971814,-0.014384057091145657,0.021693564602746455,0.5349702973161545,0.8444698154143169
57.53,-0.28727133902032176,1.9307532792771132,0.1203619620920589,-0.014335085745625264,0.021837685583814735,0.5349419854795019,0.8444848684116587
57.58,-0.28732973134281203,1.930756976790317,0.12034213863232088,-0.014351791845641733,0.021847352641304642,0.5349225889312315,0.8444966211326691
57.632,-0.28730222462454397,1.930754002419654,0.12033733173158603,-0.014358646023123483,0.02178172283765063,0.5349524417880098,0.8444792897754524
57.68,-0.2873933337282475,1.93076209066805,0.12031887763316641,-0.01437716034840408,0.021825875314758728,0.534929099598629,0.8444926209444705
57.73,-0.2873552403146771,1.930760897093454,0.12032203301035135,-0.014393186059821752,0.021778029624967013,0.5349782956460062,0.8444624188253709
57.782,-0.287411977353757,1.9307613144031455,0.12032227487423915,-0.014431244334946148,0.021814731948654242,0.5350054880469637,0.8444435945737191
57.83,-0.2874404619407924,1.930756644741101,0.12031490022120225,-0.01453041733499827,0.02185952316198984,0.5349704631354768,0.8444629250546261
57.882,-0.2874719617952146,1.9307375595497291,0.12034780558769904,-0.014338155188648938,0.021776769325590674,0.5349692464423431,0.8444691202077421
57.93,-0.28756819134339845,1.9307039248116535,0.12037062492589665,-0.014309159312811638,0.02177923644076781,0.5349455037001264,0.8444845889007305
57.98,-0.2875351093889345,1.9306922572706973,0.12037986773318678,-0.014317792557674285,0.02172627857760299,0.5349838886053792,0.8444614902812982
58.03,-0.2876070780768912,1.930705706087007,0.12036407870778941,-0.014363231230050727,0.021806260483091075,0.5350023236333076,0.8444469777903982
58.08,-0.2875961780645834,1.9306958384269046,0.1203404045145051,-0.014568937848088805,0.021735708864630235,0.5349980266126348,0.8444479951605766
58.13,-0.2876273526156875,1.9307039506967985,0.12034160194591348,-0.014377237149866898,0.021768425781078418,0.5350190595562203,0.8444371122839924
58.18,-0.28770075029163494,1.9307134730414648,0.12032593148606399,-0.01440512463992608,0.021828355845280378,0.5350085320872981,0.8444417598976229
58.23,-0.28767791297429324,1.9307093094870718,0.12032683481728725,-0.014407067514171708,0.021762337606782256,0.5350502589656281,0.8444169926335832
58.28,-0.2877653084409428,1.9307148115988078,0.1203110221337213,-0.014416186822195032,0.02181431282695922,0.5350347348268645,0.84442533230721
58.33,-0.28772923203468564,1.9307135368818176,0.12031598342748234,-0.014429972494713467,0.02176410070400298,0.5350845796739311,0.8443948083743293
58.38,-0.28779520811758846,1.9307259741300444,0.12026978131617128,-0.013804791453238721,0.022503488603361724,0.5350849016752082,0.8443856753479678
58.432,-0.28781941294637364,1.9306582601662163,0.12037127336018576,-0.014388985869018421,0.02184037560242204,0.5350168373148388,0.8444364623042007
58.48,-0.2878520604605622,1.9306427673340463,0.12038482245644921,-0.014324358274979415,0.021739751077296265,0.5350616781745489,0.8444117458515975
58.53,-0.2879368412038924,1.9306521921730246,0.12036250697361406,-0.014340512084058551,0.021784864558049625,0.5350545082661542,0.8444148521748173
58.58,-0.28789922528522727,1.9306535668960167,0.12035548310714203,-0.01435914238993769,0.021736871479960094,0.5350859643154201,0.8443958397817495
58.632,-0.2879851469270367,1.930661038116714,0.12029138142308608,-0.01428892574011116,0.021785067161651704,0.5350277974924333,0.8444326458400053
58.68,-0.2879490820724933,1.9306656108773323,0.12033224811540931,-0.014393697689728398,0.021748930575239953,0.5351141287512275,0.8443770927118197
58.73,-0.28800777828932034,1.930668697320788,0.12033060940327828,-0.014426605172427907,0.021806432746151447,0.5351464995982184,0.8443545324813864
58.78,-0.28802111064190583,1.930660405728779,0.12031900211217712,-0.014487255725179003,0.021864120693345996,0.5351086038991464,0.844376019129491
58.83,-0.2880414885730168,1.9306609228083915,0.12032078533821078,-0.014425540588287152,0.021776258652144654,0.5351660091076462,0.8443429641050166
58.88,-0.28812196505954524,1.9306687790317614,0.12030697850875853,-0.014435339070369348,0.021836051559327368,0.5351600944197978,0.8443450012754352
58.93,-0.2881457327413252,1.9306253637497282,0.1203496111415552,-0.014272564638070855,0.021866877779334,0.5351044799846548,0.8443822173963567
58.98,-0.2882567258294646,1.9306208962536873,0.12032703275342244,-0.014424929384729522,0.021596342220328194,0.534956143638937,0.8444805763295595
59.03,-0.2882567942131254,1.9305857626229341,0.12037240635212486,-0.014401279411867767,0.021867185658505428,0.5350765585923049,0.8443977177774071
59.08,-0.2882709973964065,1.9305901357132458,0.12036411452858799,-0.014321830157854083,0.021799906431692703,0.5351163873262175,0.8443755688527687
59.132,-0.28836284282792946,1.9306031444664364,0.12033734374581426,-0.014345898633047053,0.021822321169584068,0.5351003512726544,0.8443847437981479
59.18,-0.2883202516555763,1.9306002121149564,0.12033734744729938,-0.014363074040672578,0.021775129411431893,0.5351333369215442,0.8443647657016667
59.23,-0.2884086854109997,1.9306039524264615,0.1202785823682312,-0.01429400353387526,0.0218119291910986,0.5350688742774076,0.8444058390296956
59.28,-0.288375374771266,1.9306022843625155,0.12028490743740593,-0.01450147481117185,0.0216675825347555,0.53519499908759,0.8443260839551477
59.33,-0.2884226333431281,1.9306022657490889,0.12032279612435211,-0.01441787940408664,0.021799780516235514,0.5351770599138961,0.8443354835992927
59.38,-0.2884870081943206,1.930607407851466,0.12031312351219552,-0.014434513076829074,0.021863943151005143,0.5351566105426874,0.8443465017482971
59.43,-0.28848821837566124,1.930577738158871,0.12035442419946227,-0.0143370714589799,0.02176190577529646,0.5351433227625014,0.8443592197292078
59.48,-0.288591483043198,1.9305689801263213,0.12033634277569973,-0.014473026399679553,0.02151312881054509,0.5350120638525917,0.8444464508349866
